addr,date_time,name,num2_bed,num_scan,pid,region_big,region_small,tel,type
강진읍 탐진로 5,2025-02-06 00:00:00,강진의료원,199,10,1,전남,강진군,061-433-2167~9,병원
곡성읍 곡성로 761,2025-02-06 00:00:00,곡성사랑병원,46,6,2,전남,곡성군,061-360-6000,병원
광양읍 인덕로 992,2024-10-17 00:00:00,광양병원,30,1,3,전남,광양시,061-761-7577,병원
구례읍 동편제길 4,2025-02-06 00:00:00,구례병원,97,6,4,전남,구례군,061-780-3300,병원
도양읍 차경구렁목길 211,2025-12-04 00:00:00,녹동현대병원,107,5,5,전남,고흥군,061-840-1200,병원
담양읍 천변7길 19,2025-02-21 00:00:00,담양사랑병원,86,7,6,전남,담양군,061-380-9000,병원
벌교읍 남하로 12,2024-10-17 00:00:00,벌교삼호병원,341,6,7,전남,보성군,061-859-5000,병원
미력면 가평길 36-17,2025-02-06 00:00:00,보성아산병원,100,4,8,전남,보성군,061-850-3114,병원
비금면 송치길 155-11,2025-02-05 00:00:00,신안대우병원,30,3,9,전남,신안군,061-262-3301,병원
지도읍 봉리길 16-3,2025-12-04 00:00:00,서울의원(신안),28,10,10,전남,신안군,061-275-7650,의원
완도읍 청해진동로 63,2025-02-06 00:00:00,완도대성병원,83,5,11,전남,완도군,061-553-1234,병원
평동로 665,2025-12-04 00:00:00,익산제일병원,68,5,12,전북,익산시,063-840-2305,병원
장성읍 오동촌길 16 (부강아트빌),2025-02-21 00:00:00,장성병원,72,6,13,전남,장성군,061-390-9000,병원
상동중앙로 94 (상동),2025-12-04 00:00:00,정읍사랑병원,166,7,14,전북,정읍시,063-530-3100,병원
진도읍 남문길 12-11,2025-04-16 00:00:00,(의) 남우의료재단 진도전남병원,100,4,15,전남,진도군,061-544-7933,병원
함평읍 영수길 136,2025-02-21 00:00:00,함평성심병원,40,3,16,전남,함평군,061-324-0001,병원
부안읍 부령로 33,2025-02-06 00:00:00,혜성병원,14,4,17,전북,부안군,063-583-5001,병원
화순읍 충의로 109,2025-02-06 00:00:00,화순고려병원,248,6,18,전남,화순군,061-370-3700,병원
무주읍 한풍루로 413,2025-02-05 00:00:00,무주군보건의료원,30,6,19,전북,무주군,063-320-8314,의원
금일읍 금일로 397,2025-02-21 00:00:00,완도금일보건지소,0,3,20,전남,완도군,061-550-6793,의원
노화읍 노화로870번길 23,2025-11-19 00:00:00,완도신노화의원,0,7,21,전남,완도군,061-553-5700,의원
임실읍 호국로 1680,2025-02-05 00:00:00,임실군보건의료원,0,5,22,전북,임실군,063-640-3320,의원
장수읍 장천로 247,2025-02-21 00:00:00,장수군보건의료원,30,8,23,전북,장수군,063-351-8000,의원
조도면 창유1길 58-26,2025-02-05 00:00:00,조도면보건지소,0,3,24,전남,진도군,061-542-5153,의원
용성로 79 (동충동),2025-12-04 00:00:00,중앙가정의학과의원,0,1,25,전북,남원시,063-625-8977,의원
흑산면 예리3길 61,2025-02-21 00:00:00,흑산면보건지소,0,3,26,전남,신안군,061-275-9062,의원
고창읍 화신1길 9,2025-02-21 00:00:00,고창병원,258,10,27,전북,고창군,063-560-5600,종합병원
고흥읍 고흥로 1935,2025-02-21 00:00:00,고흥종합병원,260,12,28,전남,고흥군,061-835-6000,종합병원
공영로 71 (중동),2025-08-04 00:00:00,광양사랑병원,149,11,29,전남,광양시,061-797-7000,종합병원
의료원로 27,2025-02-06 00:00:00,군산의료원,330,23,30,전북,군산시,063-472-5000,종합병원
영산로 5419 (성북동),2025-02-21 00:00:00,나주종합병원,176,11,31,전남,나주시,061-330-6100,종합병원
충정로 365 (고죽동),2025-02-05 00:00:00,남원의료원,221,19,32,전북,남원시,063-620-1114,종합병원
이로로 18,2025-02-05 00:00:00,목포시의료원,299,14,33,전남,목포시,061-260-6500,종합병원
무안읍 몽탄로 65,2025-02-05 00:00:00,대송의료재단 무안병원,143,13,34,전남,무안군,061-450-3000,종합병원
무왕로 969 (신동),2025-02-06 00:00:00,익산병원,299,23,35,전북,익산시,063-840-9114,종합병원
장흥읍 흥성로 74,2025-02-06 00:00:00,장흥종합병원,182,8,36,전남,장흥군,061-8628-3004,종합병원
완산구 서원로 365 (중화산동1가),2025-02-05 00:00:00,전주예수병원,752,30,37,전북,전주시,063-230-8114,종합병원
충정로 606-22 (용계동),2025-12-04 00:00:00,정읍아산병원,286,15,38,전북,정읍시,063-530-6114,종합병원
해남읍 해남로 45,2025-02-06 00:00:00,해남종합병원,217,16,39,전남,해남군,061-530-0114,종합병원
영양읍 동서대로 75,2024-09-23 00:00:00,(의)명성의료재단 영양병원,49,3,40,경북,영양군,054-682-0727,병원
봉화읍 보밑길 3,2024-09-23 00:00:00,(의)봉화해성병원,93,5,41,경북,봉화군,054-674-1332,병원
성주읍 성주읍 3길 5-3,2024-09-23 00:00:00,(의)석촌의료재단 성주무강병원,55,5,42,경북,성주군,054-932-1212,병원
경안로 208,2025-04-03 00:00:00,세명종합병원,299,18,43,경북,경산시,054-819-8389,종합병원
예천읍 동본리 시장로 136,2024-09-23 00:00:00,예천권병원,170,8,44,경북,예천군,054-654-6611,병원
울진읍 현내항길 71,2024-09-23 00:00:00,울진군의료원,94,13,45,경북,울진군,054-785-7024,병원
대가야읍 중앙로 33,2024-09-23 00:00:00,고령영생병원,74,6,46,경북,고령군,054-955-2661,병원
구성로 329,2024-09-23 00:00:00,(의)청봉의료재단 성누가병원,187,5,47,경북,영주시,054-639-9000,병원
북구 용흥로 36,2024-09-23 00:00:00,경상북도립 포항노인전문요양병원,172,4,48,경북,포항시,054-245-0138,요양병원
김천로 192(남산동),2025-11-21 00:00:00,김천남산종합의원,0,4,49,경북,김천시,054-434-2111,의원
인동가산로 19길,2024-09-23 00:00:00,삼성연합의원,15,8,50,경북,구미시,054-474-8575,의원
울릉읍 울릉순환로 396-18,2024-09-23 00:00:00,울릉군보건의료원,21,9,51,경북,울릉군,054-790-6878,의원
상산로 251,2025-11-21 00:00:00,상주제일안과,0,1,52,경북,상주시,054-536-7585,의원
의성읍 문소3길 109,2024-09-23 00:00:00,진연합의원,29,8,53,경북,의성군,054-832-7587,의원
청송읍 의료원길 19,2024-09-23 00:00:00,청송군보건의료원,48,9,54,경북,청송군,054-873-7100,의원
곡중앙대로 302,2024-09-23 00:00:00,태전정형외과연합의원,0,6,55,대구,북구,053-324-7585,의원
냉림서성길 7,2025-11-21 00:00:00,(의)삼백의료재단 상주성모병원,204,12,56,경북,상주시,054-532-5001,종합병원
동대로 87,2024-09-23 00:00:00,동국대학교 경주병원,329,25,57,경북,경주시,054-748-9300,종합병원
당교3길 25,2024-12-06 00:00:00,동춘의료재단 문경제일병원,697,19,58,경북,문경시,054-550-7706,종합병원
1공단로 179(공단동),2024-11-13 00:00:00,순천향대학교 구미병원,285,23,59,경북,구미시,054-468-9114,종합병원
태사2길 55(북문동470),2024-09-23 00:00:00,안동의료원,229,19,60,경북,안동시,054-850-6451,종합병원
오수1길 10(오수동),2024-09-23 00:00:00,영남대학교부속 영천병원,200,13,61,경북,영천시,054-338-9000,종합병원
북구 용흥로 36,2024-09-23 00:00:00,포항의료원,297,18,62,경북,포항시,054-247-0551,종합병원
안계면 안계길 171,2024-06-05 00:00:00,삼성연합의원(의성),0,7,63,경북,의성군,054-861-5353,의원
부여읍 계백로 200,2025-02-05 00:00:00,건양대학교 부여병원,55,4,64,충남,부여군,041-837-1200,병원
괴산읍 임꺽정로 116,2025-02-12 00:00:00,괴산성모병원,174,11,65,충북,괴산군,043-830-5405,병원
당진중앙1로 43 (읍내동),2024-11-19 00:00:00,당진성모병원,52,3,66,충남,당진시,041-351-0200,병원
보은읍 보은로 102,2025-11-21 00:00:00,정민의료재단 보은한양병원,112,4,67,충북,보은군,043-544-1500,병원
영동읍 대학로 106,2024-11-19 00:00:00,영동병원,161,7,68,충북,영동군,043-740-9000,병원
예산읍 신례원로 26,2024-11-19 00:00:00,예산명지병원,147,7,69,충남,예산군,041-335-2255,병원
서북구 충무로 129,2024-11-19 00:00:00,예일병원,50,2,70,충남,천안시,041-571-7000,병원
금왕읍 음성로1230번길 10,2025-10-30 00:00:00,(의)태성의료재단 제일조은병원,141,8,71,충북,음성군,043-883-8800,병원
서천읍 서천로 184,2025-11-21 00:00:00,서해병원,79,3,72,충남,서천군,041-951-8282,병원
진천읍 중앙북로 36,2025-04-15 00:00:00,(의)건명의료재단 중앙제일병원,192,14,73,충북,진천군,043-533-1711,종합병원
동량면 충원대로 1398,2024-11-19 00:00:00,충주시노인전문병원,278,7,74,충북,충주시,043-855-9393,요양병원
해월로 151,2025-11-21 00:00:00,고려병원,54,6,75,충남,논산시,041-732-3489,병원
계백로 1130 (가수원동),2025-11-21 00:00:00,김봉천정형외과의원,27,6,76,대전,서구,042-541-4330,의원
영동읍 학산영동로 1241,2025-11-21 00:00:00,서외과의원,29,6,77,충북,영동군,043-742-1171,의원
조치원로 31,2025-11-21 00:00:00,이내과의원,0,1,78,세종,조치원읍,044-865-3571,의원
청양읍 칠갑산로7길 54,2024-11-19 00:00:00,청양군보건의료원,6,12,79,충남,청양군,041-942-3401,의원
태안읍 서해로 1952-16,2025-11-21 00:00:00,태안군보건의료원,34,9,80,충남,태안군,041-671-5300,의원
국원대로 82 (교현동),2025-09-15 00:00:00,건국대학교충주병원,301,25,81,충북,충주시,043-840-8200,종합병원
웅진로 130,2024-11-19 00:00:00,공주의료원,240,17,82,충남,공주시,041-962-1111,종합병원
시민로294번길 14,2025-11-21 00:00:00,백제종합병원,500,20,83,충남,논산시,041-733-2191,종합병원
죽성로 136,2024-11-19 00:00:00,보령아산병원,235,13,84,충남,보령시,041-930-5114,종합병원
중앙로 149 (석림동),2024-11-19 00:00:00,서산의료원,263,17,85,충남,서산시,041-689-7000,종합병원
옥천읍 성왕로 1195,2025-09-15 00:00:00,(의)힐링의료재단 옥천성모병원,100,12,86,충북,옥천군,043-730-7000,종합병원
홍성읍 조양로 224,2024-11-19 00:00:00,홍성의료원,269,21,87,충남,홍성군,041-630-6114,종합병원
마산회원구 3·15대로 686 (석전동),2025-02-05 00:00:00,365병원,130,12,88,경남,창원시,055-248-0365,병원
고성읍 중앙로 49,2025-02-05 00:00:00,강병원,97,7,89,경남,고성군,055-673-0101,병원
거창읍 중앙로 91,2025-02-05 00:00:00,거창적십자병원,58,7,90,경남,거창군,055-949-3332,병원
사상로 607,2025-12-12 00:00:00,구포부민병원,138,5,91,부산,북구,051-366-7000,병원
기장읍 대청로72번길 6,2025-09-16 00:00:00,기장병원,154,8,92,부산,기장군,051-712-7150,병원
남해읍 화전로 169,2025-02-05 00:00:00,남해병원,142,8,93,경남,남해군,055-863-2201,병원
의창구 평산로219번길 3,2025-12-15 00:00:00,메트로병원,240,6,94,경남,창원시,055-259-7700,병원
남강로 701,2025-12-15 00:00:00,반도병원,145,9,95,경남,진주시,055-747-6000,병원
일주동로 8638 (동홍동),2025-12-15 00:00:00,서귀포열린병원,73,6,96,제주,서귀포시,064-762-8001,병원
학성로 184,2025-12-12 00:00:00,(의)에스엠씨의료재단 울산세민병원,135,7,97,울산,중구,052-292-2000,병원
산천단남길 10,2025-12-15 00:00:00,제주의료원,184,8,98,제주,제주시,064-720-2222,병원
감천로 59 (감천동),2025-08-28 00:00:00,중앙U병원,143,6,99,부산,사하구,051-220-6304,병원
진해구 중원동로 55-1,2025-12-15 00:00:00,진해세광병원,160,4,100,경남,창원시,055-540-3700,병원
중앙로 97,2025-02-21 00:00:00,통영적십자병원,93,7,101,경남,통영시,055-644-8901,병원
함양읍 고운로 70,2025-02-21 00:00:00,함양성심병원,102,3,102,경남,함양군,055-963-4322,병원
하남읍 수산중앙로 56-2,2025-12-15 00:00:00,행복한병원,60,3,103,경남,밀양시,055-391-0090,병원
관덕로 30,2024-02-29 00:00:00,늘봄재활요양병원,149,1,104,제주,제주시,064-752-0022,요양병원
의창구 창원천로94번길 82-18 (대원동),2025-12-15 00:00:00,푸른요양병원,364,11,105,경남,창원시,055-270-8888,요양병원
한림읍 한림로 652,2025-02-04 00:00:00,문의원,0,3,106,제주,제주시,064-796-0160,의원
의령읍 충익로 23-6,2025-02-05 00:00:00,복음의원,0,9,107,경남,의령군,055-573-9977,의원
태종로 160,2025-12-12 00:00:00,수도의원,0,11,108,부산,영도구,051-416-4031,의원
산청읍 웅석봉로 18,2025-02-21 00:00:00,청송의원,0,7,109,경남,산청군,055-973-5422,의원
두모길 16,2025-02-05 00:00:00,대우병원,202,23,110,경남,거제시,055-680-8114,종합병원
마산합포구 3·15대로 231,2025-02-05 00:00:00,마산의료원,298,13,111,경남,창원시,055-249-1000,종합병원
장수로 47,2025-02-05 00:00:00,서귀포의료원,220,18,112,제주,서귀포시,064-730-3160,종합병원
삼남읍 중평로 53,2025-02-21 00:00:00,서울산보람병원,156,12,113,울산,울주군,052-255-7114,종합병원
월평로171번길 13,2025-02-06 00:00:00,울산병원,303,19,114,울산,남구,052-259-5133,종합병원
아란13길 15,2025-02-21 00:00:00,제주대학교병원,600,27,115,제주,제주시,064-717-1123,종합병원
도령로 65 (연동),2025-02-05 00:00:00,제주한라병원,442,25,116,제주,제주시,064-740-5342,종합병원
진해구 해원로32번길 13,2025-02-05 00:00:00,연세에스병원,214,11,117,경남,창원시,055-548-7700,종합병원
일산로 20,2026-01-15 00:00:00,원주세브란스기독병원,646,29,118,강원,원주시,033-741-0114,3차병원
일산서구 주화로 170,2025-02-06 00:00:00,인제대학교 일산백병원,550,19,119,경기,고양시,031-910-7114,종합병원
강화읍 강화대로312번길 11,2025-02-04 00:00:00,강화병원,98,7,120,인천,강화군,032-930-8151,병원
정선읍 봉양1길 145,2025-02-06 00:00:00,근로복지공단 정선병원,169,3,121,강원,정선군,033-560-7100,병원
진접읍 해밀예당1로 30-25,2023-11-28 00:00:00,남양주백병원,109,9,122,경기,남양주시,031-572-3111,병원
남부순환로 331 (신월동),2025-05-30 00:00:00,메디힐병원,118,9,123,서울,양천구,02-2604-7551,병원
남부순환로 1860 (봉천동),2025-02-06 00:00:00,사랑의병원,74,7,124,서울,관악구,02-880-0114,병원
동일로 1678 (상계동),2025-02-06 00:00:00,새서울연합의원,29,8,125,서울,노원구,02-930-5858,의원
오전천로 29,2025-02-21 00:00:00,아가페의료재단 시티병원,176,6,126,경기,의왕시,031-340-0114,병원
회정로 103,2025-02-06 00:00:00,양주예쓰병원,132,5,127,경기,양주시,031-825-5000,병원
양평읍 중앙로 129,2025-07-08 00:00:00,양평병원,77,6,128,경기,양평군,031-770-5000,병원
화도읍 경춘로 1943-16,2025-02-06 00:00:00,원병원,151,10,129,경기,남양주시,031-590-3114,병원
당산로31길 10 (당산동3가),2025-02-06 00:00:00,(의)영등포병원,89,7,130,서울,영등포구,02-2632-0013,병원
금강로 39,2025-02-25 00:00:00,인성병원,112,7,131,강원,춘천시,033-253-3030,병원
인제읍 비봉로15번길 4,2025-02-06 00:00:00,인제고려병원,42,3,132,강원,인제군,033-461-0088,병원
백령면 백령로 233,2025-02-21 00:00:00,인천광역시의료원 백령병원,30,8,133,인천,옹진군,032-836-1731,병원
설악면 미사리로 267-177,2026-01-15 00:00:00,HJ매그놀리아국제병원,99,11,134,경기,가평군,031-589-4300,병원
신평로 51 (신장동),2026-01-15 00:00:00,햇살병원,62,4,135,경기,하남시,031-791-7330,병원
독배로 503 (숭의동),2025-02-21 00:00:00,현대유비스병원,299,16,136,인천,미추홀구,032-890-5551,종합병원
상지대길 23,2026-01-15 00:00:00,현대중앙병원,31,5,137,강원,원주시,033-747-1199,병원
횡성읍 횡성로 275,2025-02-06 00:00:00,횡성대성병원,103,7,138,강원,횡성군,033-343-0901,병원
인주대로 806 (구월동),2024-12-27 00:00:00,봄날요양병원,189,15,139,인천,남동구,032-464-9101,요양병원
"화랑로 271 (장위동, 동원베네스트)",2025-01-08 00:00:00,(의)유라의료재단 온누리요양병원,210,6,140,서울,성북구,02-919-2700,요양병원
가평읍 가화로 75,2025-02-06 00:00:00,가평성모의원,0,7,141,경기,가평군,031-582-1833,의원
백범로 51길 6,2025-01-08 00:00:00,김내과의원,0,3,142,서울,용산구,02-703-2226,의원
효령로 396 (서초동),2025-03-06 00:00:00,김일중내과의원,0,1,143,서울,서초구,02-3473-1356,의원
독막로 22 (합정동),2025-01-08 00:00:00,박상수내과의원,0,2,144,서울,마포구,02-332-5460,의원
동일로 1548 (상계동),2026-01-15 00:00:00,밝은미래안과,0,1,145,서울,노원구,02-939-3075,의원
노해로 482 (상계동),2026-01-15 00:00:00,노원삼성드림이비인후과의원,5,3,146,서울,노원구,02-935-1365,의원
양양읍 양양로 9-1,2025-02-06 00:00:00,양양정형외과,0,5,147,강원,양양군,033-672-6722,의원
동일로 1401 (상계동),2026-01-15 00:00:00,어비뇨기과,3,3,148,서울,노원구,02-930-0131,의원
"시흥대로 224,  4층",2025-01-08 00:00:00,연세조내과의원,0,3,149,서울,금천구,02-803-2134,의원
전곡읍 은대성로 95,2025-02-06 00:00:00,연천군보건의료원,52,7,150,경기,연천군,031-839-4001,의원
영중로 46 (영등포동5가),2026-01-15 00:00:00,윤문수비뇨기과의원,2,1,151,서울,영등포구,02-2069-0221,의원
퇴촌면 광동로 73-8,2025-02-06 00:00:00,퇴촌중앙의원,0,7,152,경기,광주시,031-766-6211,의원
평창읍 종부로 61,2025-02-06 00:00:00,평창군보건의료원,20,10,153,강원,평창군,033-332-4000,의원
통일로 442 (홍제동),2025-01-08 00:00:00,한양그린내과의원,0,6,154,서울,서대문구,02-379-3377,의원
사가정로 110 (전농동),2025-02-06 00:00:00,현대중앙의원,26,9,155,서울,동대문구,02-2244-9600,의원
화천읍 강변로 111,2025-01-07 00:00:00,화천군보건의료원,19,7,156,강원,화천군,033-442-4424,의원
국제금융로 6길 33 6층,2026-01-15 00:00:00,제이씨빛소망안과,16,1,157,서울,영등포구,02-785-1068,의원
강릉대로419번길 42,2025-02-06 00:00:00,강릉동인병원,478,20,158,강원,강릉시,033-651-6167,종합병원
백령로 156 (효자동),2025-02-06 00:00:00,강원대학교병원,563,20,159,강원,춘천시,033-258-2000,종합병원
포천로 1648,2025-02-06 00:00:00,경기도립의료원 포천병원,159,12,160,경기,포천시,031-539-9114,종합병원
장안구 수성로245번길 69,2025-01-23 00:00:00,경기도립의료원 수원병원,167,14,161,경기,수원시,031-888-0114,종합병원
고수2로 17 (당왕동),2025-02-21 00:00:00,경기도의료원 안성병원,249,14,162,경기,안성시,031-8046-5000,종합병원
흥선로 142,2025-02-06 00:00:00,경기도립의료원 의정부병원,128,13,163,경기,의정부시,031-828-5000,종합병원
중앙로 207 (금촌동),2025-02-21 00:00:00,경기도의료원 파주병원,200,14,164,경기,파주시,031-940-9100,종합병원
디지털로 36 (철산동),2025-02-04 00:00:00,광명성애병원,269,24,165,경기,광명시,02-2680-7114,종합병원
보드미길 8,2025-02-21 00:00:00,근로복지공단 태백병원,366,14,166,강원,태백시,033-580-3114,종합병원
감암로 11,2025-02-04 00:00:00,김포우리병원,505,23,167,경기,김포시,031-999-1231,종합병원
처인구 백옥대로1082번길 18,2025-03-06 00:00:00,(의)영문의료재단 다보스병원,251,12,168,경기,용인시,031-8021-2114,종합병원
팔달구 중부대로 165 (우만동),2025-02-06 00:00:00,동수원병원,377,19,169,경기,수원시,031-210-0114,종합병원
하평로 26,2025-02-06 00:00:00,동해동인병원,200,13,170,강원,동해시,033-530-0114,종합병원
부평대로 175,2025-02-04 00:00:00,부평세림병원,254,17,171,인천,부평구,032-509-5750,종합병원
오십천로 418 (남양동),2025-02-06 00:00:00,삼척의료원,126,13,172,강원,삼척시,033-572-1141,종합병원
만안구 삼덕로 9,2025-02-06 00:00:00,안양샘병원,330,20,173,경기,안양시,031-467-9114,종합병원
새문안로 9 (평동),2025-02-21 00:00:00,서울적십자병원,274,19,174,서울,종로구,02-2002-8000,종합병원
중원구 산성대로476번길 12,2025-02-06 00:00:00,성남중앙병원,173,14,175,경기,성남시,031-743-3000,종합병원
공단1대로 237,2025-01-08 00:00:00,센트럴병원,253,16,176,경기,시흥시,031-8041-3000,종합병원
영랑호반길 3,2025-01-07 00:00:00,속초의료원,147,18,177,강원,속초시,033-630-6000,종합병원
영월읍 중앙1로 59,2025-02-06 00:00:00,영월의료원,202,18,178,강원,영월군,033-370-9101,종합병원
기흥구 중부대로 411 (신갈동),2025-02-06 00:00:00,용인강남병원,293,15,179,경기,용인시,031-300-0114,종합병원
장제로 722 (작전동),2023-06-26 00:00:00,(의)인성의료재단 한림병원,414,23,180,인천,계양구,032-540-9114,종합병원
방축로 217,2025-02-05 00:00:00,인천광역시의료원,305,21,181,인천,동구,032-580-6000,종합병원
갈말읍 명성로 208,2025-04-03 00:00:00,철원병원,68,7,182,강원,철원군,033-452-5011,병원
향남읍 발안로 5,2025-01-08 00:00:00,화성중앙병원,143,9,183,경기,화성시,031-352-8114,종합병원
금산읍 후곤천길 56,2025-12-12 00:00:00,금산365의원,25,8,184,충남,금산군,041-754-9365,의원
태안읍 동문1길 15,2025-12-12 00:00:00,이신경외과의원,0,10,185,충남,태안군,041-674-6006,의원
관악로 203 2층,2025-07-08 00:00:00,손장원정형외과의원,0,5,186,서울,관악구,02-872-3900,의원
순광로 221,2025-02-06 00:00:00,순천성가롤로병원,555,21,187,전남,순천시,061-720-2000,종합병원
소사구 경인로 110번길 14,2025-02-21 00:00:00,메디홀스요양병원,342,3,188,경기,부천시,032-667-0100,요양병원
내토로 991,2025-02-12 00:00:00,명지의료재단 명지병원,221,16,189,충북,제천시,043-640-8114,종합병원
홍천읍 산림공원1길 17,2025-01-23 00:00:00,홍천아산병원,128,7,190,강원,홍천군,033-430-5151,종합병원
강서로56길 38 (등촌동),2025-01-23 00:00:00,강서힘찬병원,113,7,191,서울,강서구,1899-2228,병원
계성3길 31-4 (읍내동),2024-11-19 00:00:00,서울신경외과의원,0,6,192,충남,당진시,041-352-2166,의원
수영로 175 (대연동),2025-11-19 00:00:00,부산성소병원,203,8,193,부산,남구,051-633-1123,병원
서천읍 충절로59번길 31-7,2024-09-26 00:00:00,공정형외과의원,26,8,194,충남,서천군,041-952-0788,의원
서동로 162,2025-12-12 00:00:00,세웅병원,228,10,195,부산,금정구,051-500-9700,병원
월라2길 45,2025-12-15 00:00:00,신세계요양병원,37,6,196,경남,양산시,055-365-6666,요양병원
독막로 22 (합정동),2025-02-25 00:00:00,예담정형외과의원,0,5,197,서울,마포구,02-335-2500,의원
엄사면 번영로 14,2025-08-25 00:00:00,김광석외과의원,0,5,198,충남,계룡시,042-841-4411,의원
진주대로 885,2025-02-05 00:00:00,진주제일병원,188,16,199,경남,진주시,055-750-7123,종합병원
동광로 53,2025-01-08 00:00:00,동두천중앙성모병원,172,15,200,경기,동두천시,031-863-0550,병원
백릉로 70,2025-02-21 00:00:00,(의)성하의료재단 누가병원,145,3,201,전북,군산시,063-450-0904,병원
소안면 소안로 213-1 소안면보건지소,2025-02-21 00:00:00,소안면 보건지소,0,3,202,전남,완도군,061-550-6861,의원
연초면 거제대로 4477,2025-02-11 00:00:00,맑은샘병원,200,6,203,경남,거제시,055-736-1004,종합병원
상당구 쇠내로 16,2025-02-12 00:00:00,효성병원,397,31,204,충북,청주시,043-221-5000,종합병원
경안로 40,2025-05-09 00:00:00,더플러스병원,62,5,205,경기,광주시,031-763-7582,병원
경안로 23-10,2025-04-15 00:00:00,경북도립경산노인전문요양병원,299,5,206,경북,경산시,053-819-0700,요양병원
양구읍 중심로 160,2025-10-27 00:00:00,양구성심병원,49,5,207,강원,양구군,033-480-8800,병원
거진읍 거진시장길 11,2025-12-03 00:00:00,세브란의원,0,8,208,강원,고성군,033-682-7755,의원
고읍남로 6,2026-01-15 00:00:00,21세기내과의원,0,3,209,경기,양주시,031-847-8600,의원
방어진순환도로 577,2025-12-12 00:00:00,마디정형외과의원,27,1,210,울산,동구,052-235-5858,의원
"동안구 관악대로 458 (관양동, 서진빌딩)",2026-01-15 00:00:00,김형근예병원,56,7,211,경기,안양시,031-421-7575,병원
주덕읍 신양로 62,2024-09-26 00:00:00,송원요양병원,199,5,212,충북,충주시,043-856-3501,요양병원
경인로 40길 11,2024-06-04 00:00:00,권경수내과의원,0,2,213,서울,구로구,02-2685-6612,의원
문화로 381 (모종동),2024-07-18 00:00:00,아산충무병원,488,30,214,충남,아산시,041-536-6666,종합병원
원문로 1419 (연세메디하임),2026-01-15 00:00:00,연세메디하임병원,179,3,215,강원,원주시,033-740-8800,병원
안현로서6길 16 (성심중앙병원),2024-09-05 00:00:00,성심중앙병원,81,4,216,경기,평택시,031-681-1118,병원
서암4길 45 (서암동),2024-10-07 00:00:00,김제우석병원,187,6,217,전북,김제시,063-540-5159,병원
중앙로 34 영암내과,2024-11-12 00:00:00,영암내과의원,0,6,218,전남,영암군,061-472-0055,의원
금성로 281 (성건동),2024-11-14 00:00:00,중앙요양병원,255,4,219,경북,경주시,054-773-8500,요양병원
"청심로 47 (하동, 여주고려병원)",2025-07-08 00:00:00,세종여주병원,120,12,220,경기,여주,031-880-7700,종합병원
하동읍 중앙로 15 2층(경남은행),2025-02-05 00:00:00,서울안과,0,1,221,경남,하동군,055-882-2075,의원
연화길 6 하동중앙내과정형외과의원,2025-02-05 00:00:00,하동중앙의원,29,11,222,경남,하동군,055-883-0222,의원
"의창구 창이대로 45 (명서동, 창원파티마병원)",2025-02-05 00:00:00,창원파티마병원,422,23,223,경남,창원시,055-270-1109,종합병원
"용마산로 44 (중곡동, 삼경빌딩)",2025-01-23 00:00:00,김종웅내과의원,0,2,224,서울,광진구,02-455-4038,의원
"흥덕구 비하로 65 (비하동, 현대병원)",2025-01-15 00:00:00,청주현대병원,175,4,225,충북,청주시,043-237-2114,병원
산업로 1007,2024-04-12 00:00:00,울산시티병원,350,17,226,울산,북구,052-280-9101,종합병원
진안읍 진무로 1145,2025-02-21 00:00:00,진안군의료원,74,10,227,전북,진안군,063-430-7000,병원
홍천읍 신장대로 47-1,2025-02-06 00:00:00,서울드림의원,0,1,228,강원,홍천군,033-433-3354,의원
덕진구 동부대로 895 (호성동1가) 호성전주병원,2025-04-15 00:00:00,호성전주병원,122,8,229,전북,전주시,063-240-8800,병원
원화로 312(성동동) 큰마디병원,2025-04-15 00:00:00,큰마디큰병원,101,4,230,경북,경주시,054-700-0119,병원
독산로 210 (독산동) K빌딩 2층 (독산동1038-28),2025-05-30 00:00:00,서울으뜸정형외과의원,2,5,231,서울,금천구,02-807-0111,의원
충렬대로 255 (수안동),2025-05-07 00:00:00,(의)상원의료재단 부산힘찬병원,145,4,232,부산,동래구,051-559-0120,병원
신길로 28 (신길동) 4층 김종률내과의원,2025-09-02 00:00:00,신풍내과의원,0,2,233,서울,영등포구,02-831-1585,의원
해남읍 중앙2로 123 해남한국병원,2025-12-04 00:00:00,해남한국병원,85,2,234,전남,해남군,061-530-3000,병원
오리로 518 (소하동) 대교빌딩 4층 광명새움병원,2026-01-15 00:00:00,광명새움병원,55,5,235,경기,광명시,1661-6888,병원
은평로 133 (응암동) 본서부병원,2026-01-15 00:00:00,본서부병원,49,5,236,서울,은평구,02-3156-5000,병원
"국제금융로 86 (여의도동, 롯데캐슬 아이비) 216호 아이비이비인후과",2026-01-15 00:00:00,아이비이비인후과의원,1,1,237,서울,영등포구,02-784-7533,의원
통진읍 김포대로2230번길 21-3 박원종내과의원,2023-12-26 00:00:00,박원종내과의원,0,5,238,경기,김포시,031-996-3722,의원
가야읍 중앙남1길 34,2024-02-22 00:00:00,참사랑의원,0,2,239,경남,함안군,055-583-1929,의원
문산읍 방촌로 1675-20,2024-02-29 00:00:00,무척조은병원,119,6,240,경기,파주시,031-954-1400,병원
칠원읍 예곡1길 13 새롬재활요양병원,2024-02-29 00:00:00,새롬재활요양병원(의료법인유천의료재단),576,6,241,경남,함안군,055-580-5800,요양병원
경강로 2109 (임당동) 문선빌딩 3층,2024-06-03 00:00:00,박정빈외과의원,4,4,242,강원,강릉시,033-648-0080,의원
솔올로5번길 40 (교동) 엘림빌딩2층,2024-06-04 00:00:00,이명호내과의원,0,2,243,강원,강릉시,033-645-7747,의원
좌수영로 49 (광무동) (광무동120-1) 원무부,2026-01-27 00:00:00,여수전남병원,283,19,244,전남,여수시,061-640-7575,종합병원
장안구 창룡대로 159 (연무동) 다인병원,2024-11-08 00:00:00,다인병원,91,6,245,경기,수원시,031-8014-1300,병원
영암읍 동문로 5 하나안과의원,2025-12-04 00:00:00,하나안과의원,0,1,246,전남,영암군,061-471-2007,의원
국채보상로 769,2024-10-17 00:00:00,바로본병원,195,7,247,대구,동구,1644-8575,병원
"수인로3325번길 10 (신천동, 우명프라자) 우명프라자3층",2025-02-25 00:00:00,(의)자운의료재단강남요양병원,75,6,248,경기,시흥시,031-311-0700,요양병원
해운대로 135(재송동),2024-11-01 00:00:00,효성시티병원,149,7,249,부산,해운대구,051-709-3000,병원
양화로 133 (서교동) 서교타워빌딩 5층,2025-01-23 00:00:00,서울본내과의원,0,5,250,서울,마포구,02-3143-2220,의원
"경충대로 2742 (관고동, 경기도립의료원이천병원)",2025-01-23 00:00:00,경기도의료원 이천병원,206,5,251,경기,이천시,031-639-4800,종합병원
수정구 성남대로 1171 (수진동) 성모윌병원,2025-01-23 00:00:00,성모윌병원,110,6,252,경기,성남시,1833-7512,병원
산본로 321,2025-03-06 00:00:00,원광대학교 산본병원,200,20,253,경기,군포시,031-390-2300,종합병원
소안면 비자리 소안비자1186-47,2025-02-06 00:00:00,완도소안의원,4,16,254,전남,완도군,061-554-8119,의원
고산면 고산로 81 2층,2025-02-21 00:00:00,한솔의원,0,1,255,전북,완주군,063-262-0034,의원
의림대로 153 (의림동) 3층,2025-04-11 00:00:00,노병연내과의원,0,1,256,충북,제천시,043-644-6670,의원
왕산로 137 (제기동) 서울나은병원,2025-07-08 00:00:00,서울나은병원,72,5,257,서울,동대문구,1544-6003,병원
영해면 영덕로 1621,2025-04-15 00:00:00,영덕아산병원,62,2,258,경북,영덕군,054-730-0114,병원
용마산로 503 (망우동) 성심빌딩 2.3.4.5층,2025-07-08 00:00:00,건강한성심의원,29,1,259,서울,중랑구,02-437-6152,의원
오산로 307 조은오산병원,2025-07-08 00:00:00,조은오산병원,219,6,260,경기,오산시,1544-5355,종합병원
북구 대신로 27 (대신동) 좋은선린요양병원,2025-09-16 00:00:00,좋은선린요양병원,374,8,261,경북,포항시,054-245-6000,요양병원
방어진순환도로 651 (일산동) 3층,2025-12-12 00:00:00,신내과의원,16,3,262,울산,동구,052-252-9477,의원
계동로 237 (대청동) 메가병원,2025-12-15 00:00:00,의료법인지평의료재단 메가병원,203,10,263,경남,김해시,055-903-9000,병원
평화로 622 (의정부동) 성베드로병원,2025-07-08 00:00:00,(의)희경의료재단 성베드로병원,124,6,264,경기,의정부시,1544-1131,병원
영산로 5419 (성북동) 신관3층 나주비뇨기과의원,2024-02-07 00:00:00,나주비뇨기과의원,2,8,265,전남,나주시,061-334-8822,의원
남일로 33,2024-03-20 00:00:00,(의)승연의료재단 삼천포서울병원,304,13,266,경남,사천시,055-835-9900,병원
강화읍 충렬사로 31 비에스종합병원,2024-07-18 00:00:00,비에스종합병원,246,16,267,인천,강화군,032-290-0001,종합병원
물금읍 증산역로 152,2024-04-12 00:00:00,연세빛가정의학과의원,9,6,268,경남,양산시,055-382-7119,의원
합천읍 대야로 876 삼성합천병원,2024-03-28 00:00:00,(의)용성의료재단 삼성합천병원,133,7,269,경남,합천군,055-933-2200,병원
양양읍 양양로 62-1 2층 상명내과의원,2024-06-04 00:00:00,상명내과의원,0,4,270,강원,양양군,033-672-8712,의원
"별양로 12 (원문동, 래미안 슈르) 래미안슈르상가 B동 3층",2024-06-04 00:00:00,탑내과의원,0,2,271,경기,과천시,031-502-8833,의원
"호국로 1336 (의정부동) 5,6,7 층 윤석주내과",2024-06-03 00:00:00,윤석주내과의원,0,2,272,경기,의정부시,031-843-3000,의원
월드컵대로 3 (연산동) 신리메디컬 4층,2024-09-24 00:00:00,보강재활의학과의원,0,4,273,부산,연제구,051-851-8275,의원
삼향읍 남악4로 86,2024-05-21 00:00:00,남악하나내과의원,0,2,274,전남,무안군,061-280-4800,의원
염산면 천년로 20-1,2024-10-07 00:00:00,서울연합의원,0,7,275,전남,영광군,061-351-9530,의원
순창읍 순창5길15,2024-06-21 00:00:00,대동의원,0,3,276,전북,순창군,063-653-2828,의원
경동로 847 (용상동) 용상황금연합의원 1층,2024-06-05 00:00:00,용상황금연합의원,0,12,277,경북,안동시,054-822-7500,의원
동탄지성로 113 (반송동) 동탄시티병원,2024-08-08 00:00:00,동탄시티병원,90,8,278,경기,화성시,031-8015-3333,병원
신음1길 12 (신음동) 김천제일병원,2024-09-23 00:00:00,덕산의료재단 김천제일병원,240,17,279,경북,김천시,054-420-3438,종합병원
고산로 693 (산본동) 하나로빌딩 3층 김성진내과,2025-02-25 00:00:00,김성진내과의원,0,1,280,경기,군포시,031-347-4800,의원
단원구 광덕대로 154 (고잔동) 로데오타운 A동 2층 더베스트내과,2025-02-25 00:00:00,더베스트내과의원,0,3,281,경기,안산시,031-487-1119,의원
"영통구 매영로 84 (매탄동, 한국아파트) 한국2차아파트 상가동 207호 코코이비인후과",2025-02-25 00:00:00,코코이비인후과의원,0,4,282,경기,수원시,031-212-7572,의원
기흥구 보정로 115 (보정동) 우영프라자 4층,2025-02-25 00:00:00,비젼내과의원,0,2,283,경기,용인시,031-896-3000,의원
안견로 190 (동문동) 2층 수내과의원,2024-11-19 00:00:00,수내과의원,0,16,284,충남,서산시,041-667-8600,의원
의령읍 의병로 217 덕영내과,2024-11-01 00:00:00,덕영내과의원,0,7,285,경남,의령군,055-574-0071,의원
서문대로 725 (진월동) 2층,2024-11-12 00:00:00,힐링연합의원,0,6,286,광주,남구,062-651-8600,의원
수북면 추성1로 736 나눔내과의원,2024-11-12 00:00:00,나눔내과의원,29,1,287,전남,담양군,070-5176-1046,의원
화순읍 자치샘로 36 옥천빌딩 2층,2024-11-12 00:00:00,한양내과의원,0,5,288,전남,화순군,061-374-0333,의원
강진읍 평동2길 30 지스퀘어1층,2024-11-12 00:00:00,오케이내과의원,29,7,289,전남,강진군,061-434-3900,의원
"해남읍 중앙1로 2-14 2층, 해남복음내과의원",2024-11-12 00:00:00,해남복음내과의원,0,1,290,전남,해남군,061-534-7504,의원
무왕로 1073 (영등동) (영등동) 하나은행 2층,2024-11-25 00:00:00,김종성비뇨기과의원,1,2,291,전북,익산시,063-834-7722,의원
임실읍봉황로 159 임실내과,2024-11-04 00:00:00,임실내과의원,0,3,292,전북,임실군,063-644-7575,의원
장계면 한들로 93 참가정의학과의원,2024-11-04 00:00:00,참가정의학과의원,0,8,293,전북,장수군,063-351-7277,의원
영암읍 중앙로 66,2024-11-25 00:00:00,서울정형외과의원(영암),0,1,294,전남,영암군,061-473-2000,의원
부안읍 부풍로 48-1,2024-11-25 00:00:00,현대가정의학과의원,0,5,295,전북,부안군,063-584-6393,의원
동안구 시민대로 187,2025-02-25 00:00:00,권태우정형외과의원,0,1,296,경기,안양시,031-388-2198,의원
아리수로 570,2025-02-25 00:00:00,박지영내과의원,0,4,297,경기,하남시,031-793-1475,의원
"남원로 665 선일빌딩 1층일부,2,3,4층",2025-02-25 00:00:00,손경수내과의원,0,2,298,강원,원주시,033-763-8252,의원
북면 원통로 218 한림의원,2025-02-25 00:00:00,한림의원,0,3,299,강원,인제군,033-462-4261,의원
화천읍 중앙로 19-1 화천내과의원,2025-02-25 00:00:00,화천내과의원,0,3,300,강원,화천군,033-442-8001,의원
횡성읍 태기로19번길 14 태기로19번길14,2025-02-25 00:00:00,횡성정형외과의원,26,5,301,강원,횡성군,033-343-5337,의원
예천읍 효자로 125 영남의원,2024-10-17 00:00:00,영남의원,3,5,302,경북,예천군,054-653-7583,의원
고성읍 송학로 122번길 19-2 1층 정일성의원,2024-10-24 00:00:00,정일성의원,0,12,303,경남,고성군,055-673-8866,의원
거창읍 강남로 194 고려정형외과의원,2024-10-24 00:00:00,고려정형외과의원(거창),0,5,304,경남,거창군,055-943-9811,의원
서장대로213번길 5 (이현동) 성심메디컬의원,2024-10-24 00:00:00,성심메디컬의원,20,6,305,경남,진주시,055-746-5538,의원
함양읍 용평길 44 한마음연합의원,2024-10-24 00:00:00,한마음연합의원,22,12,306,경남,함양군,055-964-2301,의원
건원대로3 흥화브라운오피스텔 4층,2025-02-25 00:00:00,서울비뇨기과의원(구리점),0,1,307,경기,구리시,031-523-9000,의원
늘을2로 20 (호평동) 4층 청담비뇨기과,2025-02-25 00:00:00,청담비뇨기과의원,0,1,308,경기,남양주시,031-592-3698,의원
양평읍 시민로 6-1 보원 메디컬 3층 새벽 피부비뇨기과,2025-02-25 00:00:00,새벽의원,0,2,309,경기,양평군,031-774-6247,의원
전곡읍 전곡로 166 강비뇨기과의원,2025-02-25 00:00:00,강비뇨기과의원(연천),0,2,310,경기,연천군,031-835-0108,의원
소흘읍 솔모루로 114,2025-02-25 00:00:00,한성내과의원,0,2,311,경기,포천시,031-532-2375,의원
진영읍 진영로454번길 102-10 한서재활요양병원,2025-02-05 00:00:00,의)한솔의료재단 한서재활요양병원,292,7,312,경남,김해시,055-346-1222,요양병원
보은읍 삼산남로 9 민들레안과,2024-11-19 00:00:00,민들레안과의원,1,1,313,충북,보은군,043-542-7588,의원
노은로 170 (지족동) 스타시티 3층,2024-11-19 00:00:00,메디안내과의원,0,1,314,대전,유성구,042-867-8275,의원
"옥천읍 삼금로 11 2층, 드림이비인후과의원",2024-11-19 00:00:00,드림이비인후과의원,0,5,315,충북,옥천군,043-733-5800,의원
서북구 직산읍 봉주로 51 JS메디칼의원,2024-11-19 00:00:00,JS메디칼내과외과정형외과의원,29,3,316,충남,천안시,041-589-7575,의원
영월읍 중앙1로 32 성윤업내과의원,2025-01-08 00:00:00,성윤업내과의원,0,2,317,강원,영월군,033-374-0871,의원
동해대로 4163 (조양동) 닥터음가정의학과의원,2025-01-08 00:00:00,닥터음가정의학과의원,0,1,318,강원,속초시,033-633-3773,의원
단원구 예술대학로 9,2025-01-08 00:00:00,윤이비인후과의원,0,1,319,경기,안산시,031-401-4172,의원
남해읍 화전로 85 연세안과 의원,2025-02-05 00:00:00,연세안과의원,0,1,320,경남,남해군,055-862-0357,의원
창녕읍 창녕대로 122 창녕서울병원,2025-02-05 00:00:00,의)창녕서울의료원 창녕서울병원,11,3,321,경남,창녕군,055-532-1975,병원
"창녕읍 군청길 18,  501,502호(성동빌딩)",2025-02-05 00:00:00,창녕원이비인후과의원,0,1,322,경남,창녕군,055-533-2224,의원
강서로 173 터보빌딩 5층,2025-01-08 00:00:00,강서고려비뇨의학과의원,2,1,323,서울,강서구,02-2065-8822,의원
오목로 312 (목동) 우리내과의원 3층,2025-01-08 00:00:00,우리내과의원,0,2,324,서울,양천구,02-2648-5566,의원
소공로 70 (충무로1가) 포스트타워 지하3층 서울중앙의료의원,2025-02-06 00:00:00,서울중앙의료의원,0,7,325,서울,중구,02-6450-5500,의원
순광로 14 드림내과건물 5층,2025-02-06 00:00:00,하나비뇨기과의원,0,2,326,전남,순천시,061-722-8575,의원
신월로 735 (봉산동) 정남진정형외과,2025-02-06 00:00:00,정남진정형외과의원,5,6,327,전남,여수시,061-642-7878,의원
운천로 148 (쌍촌동) 2층,2025-02-06 00:00:00,문영래정형외과병원,50,3,328,광주,서구,062-606-8275,병원
고창읍 중앙로 230 이진홍내과의원,2025-02-06 00:00:00,이진홍내과의원,0,2,329,전북,고창군,063-564-1343,의원
산천단남길 10 (아라일동) 부속요양병원,2025-02-21 00:00:00,제주의료원 부속요양병원,185,6,330,제주,제주시,064-720-2106,요양병원
성산읍 고성오조로 67 1층,2024-12-16 00:00:00,최선365의원,0,10,331,제주,서귀포시,064-784-6333,의원
도봉로 446 (창동),2025-01-08 00:00:00,강북힘찬병원,152,6,332,서울,도봉구,02-1899-2226,병원
송파대로 345 5층 (가락동) 헬리오시티 상가 1A동 5002호,2026-01-21 00:00:00,드림권내과의원,0,3,333,서울,송파구,02-6224-7575,의원
가락로 166 (송파동) 3층,2025-01-08 00:00:00,시온정형외과의원,0,1,334,서울,송파구,02-415-7110,의원
양구읍 사명길 123 한사랑내과의원,2025-01-08 00:00:00,한사랑내과의원,0,7,335,강원,양구군,033-482-3566,의원
갈말읍 명성로 184 1층,2025-02-06 00:00:00,강남아이원안과의원,0,1,336,강원,철원군,033-455-7501,의원
경인로40길 12 (개봉동) 4층,2025-01-08 00:00:00,에스탑치과의원,0,1,337,서울,구로구,02-2612-7528,의원
탑신로 536,2025-01-08 00:00:00,경기도립노인전문동두천병원,197,4,338,경기,동두천시,031-860-4114,요양병원
추부면 마전로 56 추부의원,2024-11-19 00:00:00,추부의원,0,5,339,충남,금산군,041-752-9950,의원
금호읍 교대길 14 금호의원,2025-02-21 00:00:00,금호의원,0,7,340,경북,영천시,054-336-7117,의원
중앙로 195 (흥덕동) 용이비인후과의원,2025-02-21 00:00:00,용이비인후과의원,0,4,341,경북,문경시,054-556-7575,의원
달구벌대로 2395 (범어동) 준내과의원,2025-02-21 00:00:00,준내과의원,0,8,342,대구,수성구,053-746-0875,의원
청도읍 청화로 99,2025-02-21 00:00:00,마디연합정형외과의원,29,2,343,경북,청도군,054-373-9263,의원
군위읍 중앙길 100 고려마취통증의학과의원,2025-02-21 00:00:00,고려마취통증의학과의원,0,5,344,경북,군위군,054-382-0922,의원
"유가읍 테크노상업로 108 501호, 502호",2025-02-21 00:00:00,유가제일연합의원,0,13,345,대구,달성군,053-292-7582,의원
야은로 37-1 (부곡동),2025-02-21 00:00:00,구미시립노인요양병원,249,6,346,경북,구미시,054-440-1000,요양병원
남구오천읍 정몽주로 560,2025-02-21 00:00:00,우리연합의원,29,3,347,경북,포항시,054-292-9200,의원
진천읍 중앙북1길 11-4 바른정형외과,2025-04-18 00:00:00,바른정형외과의원,24,4,348,충북,진천군,043-533-7588,의원
상당구 단재로 21-1 (석교동),2025-04-18 00:00:00,김영태신경외과의원,29,7,349,충북,청주시,043-258-0173~4,의원
대전로 782 (원동),2025-04-18 00:00:00,덕인의원,0,5,350,대전,동구,042-272-4551,의원
증평읍 중앙로 231 고려정형외과,2025-04-18 00:00:00,고려정형외과의원(증평),0,5,351,충북,증평군,043-838-7501,의원
봉계1길 52 (칠금동) 박봉안내과의원,2022-12-20 00:00:00,박봉안내과의원,0,13,352,충북,충주시,043-847-7575,의원
평택로 284,2025-02-06 00:00:00,평택성모병원,350,15,353,경기,평택시,031-1800-8800,종합병원
동탄순환대로 127-5 (산척동) 5층 동탄서울내과,2025-01-23 00:00:00,동탄서울내과의원,0,4,354,경기,화성시,031-831-8363,의원
황지로 176-1 (황지동) 김병호내과의원,2025-01-23 00:00:00,김병호내과의원,0,2,355,강원,태백시,033-552-6997,의원
"청운1길 64, 301호(나안동)",2025-01-23 00:00:00,신세계의원,0,2,356,강원,동해시,033-533-3652,의원
사북읍 사북5길 1 제일의원,2025-01-23 00:00:00,사북제일의원,0,3,357,강원,정선군,033-592-3412,의원
영산로 515 (상동) 2층,2025-02-06 00:00:00,김태우신경과의원,0,6,358,전남,목포시,061-279-5500,의원
의성읍 문소3길 110,2025-02-12 00:00:00,오복치과의원,0,1,359,경북,의성군,054-833-7528,의원
금일읍 감목길 5,2025-02-05 00:00:00,금일마취통증의학과의원,20,8,360,전남,완도군,061-553-3577,의원
진안읍 진무로 1102 진안치과,2025-09-01 00:00:00,진안치과의원,0,1,361,전북,진안군,063-432-1771,의원
상도로 81 (대방동) 7층 성모정형외과,2025-03-06 00:00:00,성모정형외과의원,0,1,362,서울,동작구,02-817-7714,의원
동작대로 121 (사당동) 경원빌딩8층,2025-03-06 00:00:00,강남가드비뇨기과의원,0,1,363,서울,동작구,02-566-8330,의원
북면 울진북로 2067 누가의원,2025-02-12 00:00:00,누가의원,0,8,364,경북,울진군,054-782-4979,의원
청원구 오창읍 중심상업1로 54,2025-02-28 00:00:00,의)라온의료재단오창호수병원,145,2,365,충북,청주시,043-214-1004,병원
새내로 97 청춘메디컬 2층,2025-10-14 00:00:00,서울아산내과의원,0,1,366,세종,세종시,044-862-7559,의원
면목로 473 (상봉동) 강북21세기병원,2025-05-30 00:00:00,강북21세기병원,87,5,367,서울,중랑구,1577-6336,병원
흥덕구 월명로 15 (복대동) 원광효도요양병원,2025-04-11 00:00:00,청주원광효도요양병원,303,7,368,충북,청주시,043-267-0301,요양병원
웅진로 186 (산성동) 2층 공주서울내과의원,2025-05-07 00:00:00,공주서울내과의원,0,3,369,충남,공주시,041-853-7582,의원
홍천읍 신장대리 64-1,2025-07-08 00:00:00,서울정형외과의원(홍천),0,1,370,강원,홍천군,033-432-0129,의원
대명로 12 (대명동),2025-04-15 00:00:00,서부영남내과의원,0,1,371,대구,남구,053-656-7533,의원
"아양로 251 (신암동) 대동빌딩, 대동에스정형외과의원",2025-04-15 00:00:00,대동에스정형외과의원,0,1,372,대구,동구,053-943-2621,의원
중앙로 413 제일빌딩 302호,2023-06-28 00:00:00,밀양선비뇨기과의원,0,2,373,경남,밀양시,055-352-7512,의원
솔올로 35 (교동) 2층,2025-07-08 00:00:00,위드내과의원,0,1,374,강원,강릉시,033-641-9222,의원
"산대로 2 (산정동) 2, 2층",2024-10-17 00:00:00,우리이비인후과의원,0,1,375,전남,목포시,061-276-7373,의원
남부순환로350길 33 (양재동) 예루살렘정형외과,2025-07-08 00:00:00,예루살렘정형외과의원,13,1,376,서울,서초구,02-575-0123,의원
중앙로 82-1 (합정동) 2층,2025-07-08 00:00:00,로뎀나무내과의원,0,4,377,경기,평택시,031-654-1905,의원
영동읍 중앙로 28 노상필내과의원,2025-05-30 00:00:00,노상필내과의원,0,2,378,충북,영동군,043-770-7171,의원
달구벌대로 1883 (내당동) 1층,2025-07-08 00:00:00,서내과의원,0,4,379,대구,서구,053-556-4509,의원
하양읍 하양로 112 201호,2025-07-08 00:00:00,파티마연합속내과의원,0,1,380,경북,경산시,053-852-7500,의원
압해읍 압해로 871-3,2025-06-27 00:00:00,압해연합의원,0,17,381,전남,신안군,061-271-7583,의원
거제중앙로 1938,2025-06-24 00:00:00,주영민비뇨기과의원,0,2,382,경남,거제시,055-634-1365,의원
분성로 321 (서상동) 302호,2025-06-24 00:00:00,굿모닝내과의원,0,1,383,경남,김해시,055-335-3565,의원
사천읍 진삼로 1481 2층,2025-06-18 00:00:00,우리메디컬의원,29,3,384,경남,사천시,055-850-7575,의원
화랑로 80 (서부동) 박경대내과의원,2025-07-08 00:00:00,박경대내과의원,0,2,385,경북,경주시,054-774-3337,의원
곡성읍 중앙로 132 (청암센트럴빌) 102~105호 최성식재활의학과의원,2025-08-04 00:00:00,최성식재활의학과의원,0,12,386,전남,곡성군,061-362-0887,의원
무주읍 향학로 33-1 무주신경외과,2025-08-04 00:00:00,무주신경외과의원,0,1,387,전북,무주군,063-324-8275,의원
이서면 기지로 54 비씨엠타워 2층,2025-08-04 00:00:00,혁신오케이정형외과의원,20,1,388,전북,완주군,063-277-7500,의원
옥곡면 큰골길 8,2025-08-04 00:00:00,현대의원,0,4,389,전남,광양,061-772-7119,의원
"백양대로 893, 궁전빌딩 402호",2025-07-22 00:00:00,참좋은정형외과신경과의원,0,2,390,부산,사상구,051-312-7582,의원
남문로 696 (학동) 1층 연합내과,2025-08-04 00:00:00,연합내과의원,0,1,391,광주,동구,062-222-5651,의원
천호대로 1099 (천호동) 5층 502호,2025-09-02 00:00:00,류마내과의원,0,1,392,서울,강동구,02-474-5450,의원
아차산로 450-2 (구의동),2025-09-02 00:00:00,더바름정형외과의원,29,7,393,서울,광진구,02-455-2018,의원
세검정로1길 5 (홍은동) 남기헌정형외과의원,2025-09-02 00:00:00,남기헌정형외과의원,0,1,394,서울,서대문구,02-396-5595,의원
중앙로 372번길 37-15 1층 안성제일정형외과의원,2025-09-02 00:00:00,안성제일정형외과의원,0,6,395,경기,안성시,031-673-2119,의원
안마산로 107 (퇴계동) 마디온정형외과의원,2025-09-02 00:00:00,마디온정형외과의원,24,5,396,강원,춘천시,033-249-8575,의원
철산로 32 (철산동) 4층 삼성우리내과의원,2025-09-02 00:00:00,삼성우리내과의원,0,3,397,경기,광명시,02-2613-7588,의원
원적로 85 (가좌동) 201호,2025-09-02 00:00:00,한길정형외과의원,10,5,398,인천,서구,032-576-7582,의원
"영흥면 영흥로 176번길 8, 203호(영흥늘푸른센터 2층)",2025-09-02 00:00:00,하나의료조합영흥우리의원,26,5,399,인천,옹진군,032-886-9411,의원
 태안읍 동백로 301 3층,2025-06-24 00:00:00,강비뇨기과의원(태안),0,3,400,충남,태안군,041-673-8008,의원
번영로 475 홈플러스울산점 5층 태강내과,2025-07-22 00:00:00,태강내과의원,0,1,401,울산,중구,052-292-2975,의원
관저중로 72 (관저동) 4층 신선정형외과,2025-07-24 00:00:00,신선정형외과의원,0,2,402,대전,서구,042-636-3003,의원
계룡로 945 (대사동),2025-07-24 00:00:00,김학영정형외과의원,0,2,403,대전,중구,042-254-7966,의원
동춘당로 179 (법동) 201,2025-07-24 00:00:00,청담내과의원,0,1,404,대전,대덕구,042-635-7576,의원
분당구 황새울로335번길 5 (서현동) 앤타운빌딩 803호,2025-09-02 00:00:00,분당연세비뇨의학과의원,0,1,405,경기,성남시,031-2706-8292,의원
옥정로 196 (옥정동) 파스텔시티 6층,2025-09-02 00:00:00,두리이비인후과의원(양주),0,5,406,경기,양주시,031-868-8766,의원
"도봉로 242, 2층 1호",2025-09-02 00:00:00,강북보아스이비인후과의원,0,1,407,서울,강북구,02-980-1530,의원
"월계로 370 (월계동) 201~202호 서울의원(월계동, 희성프라자)",2025-09-02 00:00:00,서울의원(서울),0,5,408,서울,노원구,02-993-2161,의원
용마산로 503,2025-09-02 00:00:00,맑은성심피부과의원,0,1,409,서울,중랑구,02-437-6152,의원
중앙로 122,2025-09-16 00:00:00,김제욱피부비뇨기과의원,0,2,410,경북,영주시,054-635-8290,의원
주공로 5 (동대동) 서광정형외과,2025-08-28 00:00:00,서광정형외과의원,17,1,411,충남,보령시,041-931-7279,의원
성산구 가음로 88 (가음동),2025-09-30 00:00:00,가온내과의원,0,11,412,경남,창원시,055-282-8511,의원
보성읍 중알로 61-15,2025-09-30 00:00:00,서병기내과의원,0,1,413,전남,보성군,061-852-9878,의원
구례읍 봉성로 110,2025-09-30 00:00:00,한양마취통증의학과의원,0,7,414,전남,구례군,061-782-7582,의원
중앙대로 808 (전포동) 4층,2025-09-30 00:00:00,이신내과의원,0,1,415,부산,부산진구,051-715-5501,의원
광도면 남해안대로 857,2025-09-30 00:00:00,통영서울병원,165,6,416,경남,통영시,055-640-1112,병원
좌동순환로505 3층 부강비뇨의학과,2025-09-30 00:00:00,부강비뇨의학과의원,0,3,417,부산,해운대구,051-747-7200,의원
정관읍 정관로 495 2층 수이비인후과,2025-09-30 00:00:00,수이비인후과의원,0,4,418,부산,기장군,051-727-0575,의원
도봉로 551 (쌍문동) 4층 삼성나비뇨의학과의원,2025-11-19 00:00:00,삼성나비뇨의학과의원,0,2,419,서울,도봉구,02-955-3077,의원
원골로 59 (오전동),2025-11-19 00:00:00,한국한센복지협회부설의원,29,3,420,경기,의왕시,031-452-7093,의원
달구벌대로 1993 (대신동) 2층,2025-09-16 00:00:00,건강제일내과의원,0,1,421,대구,중구,053-255-8333,의원
상산로 255 (남성동) 강남빌딩5층 강남비뇨기과,2025-09-16 00:00:00,강남비뇨기과의원,0,2,422,경북,상주시,054-534-7575,의원
시청로 3 (죽항동) 미래연합의원,2025-11-19 00:00:00,미래연합의원,29,6,423,전북,남원시,063-636-7500,의원
영덕읍 중앙길 90 영덕경대안과,2025-09-16 00:00:00,영덕경대안과의원,0,1,424,경북,영덕군,054-734-5817,의원
새창로 217 (한강로2가) 5층 용산성모내과,2025-12-03 00:00:00,용산성모내과의원,0,8,425,서울,용산구,02-794-9992,의원
퇴계로 395 (흥인동) 일신빌딩302호,2025-12-03 00:00:00,라임비뇨기과의원,2,2,426,서울,중구,02-2237-5200,의원
진관2로 15-46 9층,2025-12-03 00:00:00,구파발정형외과의원,25,8,427,서울,은평구,02-334-8275,의원
명지국제11로 25 (명지동) 동명빌딩 3층 다사랑내과의원,2025-11-19 00:00:00,다사랑내과의원,0,4,428,부산,강서구,051-201-2115,의원
서원구 궁뜰로 16 (미평동) 청주탑요양병원,2025-11-21 00:00:00,의료법인 하람의료재단 청주탑요양병원,293,7,429,충북,청주시,043-296-5000,요양병원
순창읍 순창로 105,2025-12-04 00:00:00,의료법인태종의료재단 순창요양병원,440,3,430,전북,순창군,063-650-8005,요양병원
대교로 1 (봉래동3가) 2층 참좋은 정형외과 의원,2025-12-12 00:00:00,참좋은정형외과의원(영도),0,4,431,부산,영도구,051-714-1742,의원
방어진순환도로 799,2025-12-15 00:00:00,안신경외과의원,15,1,432,울산,동구,052-235-4900,의원
"번영로 223 (모종동) 4층,5층 장사랑연합내과의원",2025-11-21 00:00:00,장사랑연합내과의원,0,22,433,충남,아산시,041-542-7582,의원
한누리대로 2281 (대평동) SM메디컬센터 3층서문365정형외과,2025-11-21 00:00:00,서문365정형외과의원,0,4,434,세종,세종시,044-868-1039,의원
마산회원구 내서읍 죽암로 89,2025-12-15 00:00:00,청록의료재단신세계요양병원,570,6,435,경남,창원시,055-232-5600,요양병원
비류대로 194 (옥련동) 3층 연세정형외과의원,2026-01-15 00:00:00,연세정형외과의원,0,1,436,인천,연수구,032-834-7000,의원
달구벌대로 3188 (신매동) 3층 시지율정신건강의학과의원,2025-11-21 00:00:00,시지율정신건강의학과의원,0,1,437,대구,수성구,053-792-7570,의원
의성읍 안평의성로 1122-30,2025-11-21 00:00:00,의성군공립요양병원,196,4,438,경북,의성군,054-834-7400,요양병원
상도로 174 (상도동) 4층,2026-01-15 00:00:00,삼성유신경외과의원,0,7,439,서울,동작구,02-2135-2058,의원
"금하로 651, 2,3층",2026-01-15 00:00:00,김홍열내과의원,0,1,440,서울,금천구,02-805-6124,의원
기흥구 용구대로 2252 더원요양병원,2026-01-15 00:00:00,더원요양병원,295,5,441,경기,용인시,031-282-8123,요양병원
 금오산로 58,2026-01-06 00:00:00,(구미)고려마취통증의학과의원,29,7,442,경북,김천시,054-453-9797,의원
이수로 317,2026-01-15 00:00:00,성모안과의원,0,1,443,전남,순천시,061-721-0062,의원
신월큰길 13,2026-01-15 00:00:00,플러스내과의원,25,3,444,전남,순천시,061-804-5121,의원
 번영로107번길1,2024-01-17 00:00:00,전내과의원,0,4,445,울산,남구,052-267-7272,의원
"중앙로 10(문화동, 태양빌딩 2층)",2025-12-12 00:00:00,지정신건강의학과의원,0,1,446,대전,중구,042-256-5551,의원
서북구 다가말3길 8,2026-02-06 00:00:00,천안충무병원,363,30,447,충남,천안시,041-570-7644,종합병원
"중앙로 337,3층 301,302호",2024-02-01 00:00:00,동산내과의원,0,1,448,제주,제주시,064-723-0808,의원
"우평로 338, 4,5층",2024-02-01 00:00:00,연세차내과의원,0,2,449,제주,제주시,064-747-2375,의원
가평읍 가화로 113,2024-01-11 00:00:00,새희망마취통증의학과의원,0,8,450,경기,가평군,031-581-7200,의원
중앙로 101,2024-01-10 00:00:00,광주제일내과의원,0,1,451,경기,광주시,031-763-2601,의원
사천읍 옥산로 127,2024-02-01 00:00:00,사천중앙요양병원,261,5,452,경남,사천읍,055-851-5400,요양병원
"중앙대로 375, 강남빌딩 3층",2024-03-20 00:00:00,비타민마취통증의학과의원,0,3,453,부산,동구,051-469-7581,의원
"구덕로 40, 호림빌딩 7층",2024-03-20 00:00:00,이지숨이비인후과의원,3,4,454,부산,중구,051-243-0002,의원
"충렬대로 259, 3~3층",2024-03-20 00:00:00,베스트이비인후과의원,1,3,455,부산,동래구,051-555-0110,의원
여천체육공원길 10,2024-02-07 00:00:00,여수한국병원,266,7,456,전남,여수시,061-653-2000,병원
홍성읍 내포로 18,2024-09-26 00:00:00,연합의원,0,3,457,충남,홍성군,041-631-8900,의원
청양읍 칠갑산로 157,2024-09-26 00:00:00,청양훈요양병원,105,3,458,충남,청양군,041-943-8114,요양병원
" 미래로 371, 1001-1002호(동패동)",2024-01-11 00:00:00,두리이비인후과의원(파주),4,1,459,경기,파주시,031-946-2115,의원
수영로 390-1,2024-03-20 00:00:00,메트로적추병원,41,4,460,부산,수영구,051-626-0250,병원
구덕로 109,2024-04-04 00:00:00,속바른내과의원,0,7,461,부산,서구,051-246-0100,의원
중앙대로 1077 상계빌딩 6~7층(연산동),2024-06-24 00:00:00,라라정신건강의학과의원,0,1,462,부산,연제구,051-515-9900,의원
"역전로 292, 2층(정왕동)",2024-06-04 00:00:00,드림내과의원,0,1,463,경기,시흥시,031-431-7788,의원
"권율대로 685, SBI타워 6~8층(원흥동)",2024-06-03 00:00:00,서울척탑병원,68,6,464,경기,고양시,031-813-9988,병원
삼례읍 동학로 23,2024-10-07 00:00:00,한호수내과의원,0,1,465,전북,완주군,063-291-3900,의원
중정로 123,2024-09-30 00:00:00,의료법인열린의료재단서연의원,0,1,466,제주,서귀포시,064-763-4100,의원
금성로 316,2024-10-17 00:00:00,정흥채재활의학과의원,0,6,467,경북,경주시,054-777-7277,의원
화개1로 45,2024-11-12 00:00:00,박상훈내과의원,0,6,468,광주,서구,062-653-9119,의원
서문대로 692,2024-11-12 00:00:00,조민석내과의원,0,1,469,광주,남구,062-652-7070,의원
임방울대로 1055,2024-11-12 00:00:00,뉴스타정형외과의원,27,2,470,광주,북구,062-463-7575,의원
장신로 253,2024-11-08 00:00:00,연세세브란스치과의원,2,6,471,광주,광산구,062-959-0202,의원
다시면 다시로 178,2024-11-08 00:00:00,박지우플란트치과의원,0,1,472,전남,나주시,061-337-8828,의원
"시청로 19, 우리빌딩 3층",2024-10-22 00:00:00,아라이비인후과의원,0,3,473,전남,여수시,061-685-5500,의원
영산로 620-1,2024-11-12 00:00:00,부부요양병원,360,5,474,전남,목포시,061-989-9003,요양병원
진안읍 중앙로88,2024-11-04 00:00:00,김홍기가정의학과의원,0,7,475,전북,진안군,063-433-2341,의원
 진교면 진교중앙길 13,2024-10-24 00:00:00,청해의원,0,9,476,경남,하동군,055-882-8540,의원
서원구 사직대로 88,2024-11-04 00:00:00,김안과의원,10,1,477,충북,청주시,043-268-4131,의원
서북구 충무로 175 금정빌딩 4층,2024-11-19 00:00:00,쌍용우리이비인후과의원,3,2,478,충남,천안시,041-575-7533,의원
해밀3로 51 허브빌딩 3층,2025-10-14 00:00:00,허브연합내과의원,0,1,479,세종,세종시,044-715-7588,의원
영암읍 오리정길 8,2024-11-12 00:00:00,영암한국병원,126,9,480,전남,영암군,061-470-7114,병원
신음새동네길 1,2024-11-13 00:00:00,김천참좋은마취통증의학과의원,0,5,481,경북,김천시,054-431-8275,의원
 거창읍 거열로 116,2024-10-24 00:00:00,거창수이비인후과의원,0,1,482,경남,거창군,055-945-9978,의원
경남 함안군 산인면 학산2길 17-50,2024-11-20 00:00:00,(의)학산의료재단아라한국병원,184,5,483,경남,함안군,055-736-4008,병원
청마로 163 당하메디칼 2층,2024-11-13 00:00:00,조성원내과의원,0,1,484,인천,서구,032-565-0771,의원
학정로 415,2024-11-13 00:00:00,김정수이비인후과의원,0,1,485,대구,북구,053-327-3338,의원
안심로 366,2024-11-13 00:00:00,속안심내과연합의원,0,3,486,대구,동구,053-965-6633,의원
달서로 201,2024-11-13 00:00:00,이성원피부비뇨기과의원,0,3,487,대구,서구,053-562-8300,의원
대명로 304,2024-11-13 00:00:00,원형마취통증의학과의원,0,4,488,대구,남구,053-622-4955,의원
월배로 175,2024-11-13 00:00:00,완쾌신경과의원,0,5,489,대구,달서구,070-4365-7155,의원
범안로 60,2024-11-13 00:00:00,다올연합의원,0,7,490,대구,수성구,053-782-2558,의원
청도읍 청화로 179,2024-11-13 00:00:00,청도탑연합비뇨의학과의원,0,2,491,경북,청도군,054-373-1020,의원
테크노상업로 20,2024-11-13 00:00:00,현풍경대비뇨기과의원,0,2,492,대구,달성군,053-611-8700,의원
왜관읍 군청2길 10,2024-11-14 00:00:00,왜관병원,336,4,493,경북,칠곡군,054-971-1004,병원
북구 삼흥로 18,2024-11-14 00:00:00,경대연합내과의원,0,1,494,경북,포항시,054-254-8282,의원
임방울대로 348,2025-02-06 00:00:00,수완탑정형외과의원,0,3,495,광주,광산구,062-959-8575,의원
이수로 321,2025-02-06 00:00:00,황인용신경과의원,0,7,496,전남,순천시,061-724-5577,의원
완산구 거마평로 146,2025-02-05 00:00:00,장하림의원,0,6,497,전북,전주시,063-236-7975,의원
유성대로 772,2024-11-19 00:00:00,한샘내과의원,0,1,498,대전,유성구,042-822-7598,의원
도안대로 567번길 26,2024-11-19 00:00:00,브레인요양병원,242,8,499,대전,유성구,042-365-0101,요양병원
곤룡로 6,2024-11-19 00:00:00,마디신경외과의원,1,6,500,대전,동구,042-271-7008,의원
목중로 50 중촌제일프라자 3층,2024-11-19 00:00:00,햇살이비인후과의원,1,2,501,대전,중구,042-721-2795,의원
청사로 128,2024-11-19 00:00:00,바른생각병원,89,6,502,대전,서구,042-337-0001,병원
진해구 충장로 130 3층,2025-02-05 00:00:00,진해프라임비뇨기과의원,0,2,503,경남,창원시,055-547-8100,의원
부전로77 누네메디타워 7-13층,2025-02-05 00:00:00,누네빛안과의원,8,1,504,부산,진구,051-810-5678,의원
" 중앙대로 1091 제세빌딩 3, 7층",2025-02-06 00:00:00,(의)열린의료재단연산열린의원,0,3,505,부산,연제구,051-714-0835,의원
수영로 465 남천프라자 3층,2025-02-05 00:00:00,바른이김대식치과의원,0,1,506,부산,수영구,051-715-5075,의원
중앙대로 669,2025-02-04 00:00:00,굿모닝이비인후과의원,0,1,507,부산,진구,051-987-7575,의원
진남로 4 3층,2025-02-06 00:00:00,늘편한내과의원,0,4,508,부산,남구,051-621-0119,의원
만덕대로 22 드림메디컬빌딩 7층,2025-02-04 00:00:00,덕천요편한비뇨기과의원,0,1,509,부산,북구,051-365-2582,의원
수영로 511-1,2025-02-04 00:00:00,조이이비인후과의원,0,1,510,부산,수영구,051-758-3593,의원
삼남읍 하방로 39,2025-02-04 00:00:00,이손요양병원,284,16,511,울산,울주군,055-780-3011,요양병원
"하모니로 178번길 22, GTX센트럴B동 501,502호",2025-02-04 00:00:00,연세추의원,0,3,512,인천,연수구,032-832-5775,의원
"팔달구 매산로 11, 3층",2025-01-08 00:00:00,오케이365정형외과의원,0,1,513,경기,수원시,031-548-1213,의원
"방화동로 92, 3층",2025-01-08 00:00:00,삼성우리이비인후과의원,1,2,514,서울,강서구,02-6737-7582,의원
"분당구 분당로53번길 22, 4층",2025-01-08 00:00:00,(의)열린의료재단 분당열린의원,0,1,515,경기,성남시,031-708-9393,의원
"금산로112, 2층",2025-01-08 00:00:00,나래비뇨기과의원,1,2,516,경기,군포시,031-392-7582,의원
"수지구  신봉1로 73, 3층",2025-01-08 00:00:00,수지엘내과의원,0,4,517,경기,용인시,031-272-6699,의원
"신장로 152, 2층,5층",2025-01-08 00:00:00,서울본정형외과의원,0,6,518,경기,하남시,031-791-8825,의원
"꽃내음1길 19-6, 5층",2025-01-08 00:00:00,에스1 내과의원,2,2,519,경기,화성시,031-8078-8078,의원
"오패산로 99, 2~6층",2025-01-08 00:00:00,에스메디센터내과외과의원,26,4,520,서울,성북구,02-6925-0700,의원
한실로 99,2025-02-06 00:00:00,김종원치과의원,0,1,521,대구,달서구,053-632-2804,의원
월배로 247,2025-02-21 00:00:00,상인요양병원,183,4,522,대구,달서구,053-282-5000,요양병원
남산로 61,2025-02-06 00:00:00,이튼연합치과의원남산점,0,1,523,대구,중구,053-254-8328,의원
횡성읍 한우로306,2025-01-08 00:00:00,이재형봄빛내과,0,1,524,강원,횡선군,033-343-3636,의원
 대학로 10길 1,2025-02-06 00:00:00,정평경대연합신경외과의원,0,8,525,경북,경산시,053-217-8899,의원
완산로 68,2025-02-06 00:00:00,영천이플란트치과의원,0,1,526,경북,영천시,054-706-8275,의원
은하면 구성남로 381,2025-04-18 00:00:00,장수요양병원,199,6,527,충남,홍성군,041-642-0001,요양병원
"자양로 287, 3층",2025-01-23 00:00:00,아이코이비인후과의원,0,1,528,서울,광진구,02-453-1920,의원
"독서당로 302, 3층",2025-01-23 00:00:00,가온삼성비뇨의학과의원,0,1,529,서울,성동구,02-2294-8275,의원
"솔샘로 203, 3층",2025-01-23 00:00:00,내일맑음재활의학과의원,0,3,530,서울,강북구,02-2088-4922,의원
"송파대로 385, 1층",2025-01-23 00:00:00,송파본내과의원,0,1,531,서울,송파구,02-423-6655,의원
노해로 65길 17-13,2025-01-23 00:00:00,창동제일의원,0,6,532,서울,도봉구,02-900-5011,의원
"사가정로 398, JS빌딩 2층",2025-01-23 00:00:00,삼성속편한내과의원,0,5,533,서울,중랑구,02-432-5002,의원
영월읍 중앙1로 15,2025-01-23 00:00:00,삼성수의원,0,2,534,강원,영월군,033-375-2000,의원
"강남대로376, B2,2,5,6,14층",2025-01-24 00:00:00,밝음나눔안과의원,2,1,535,서울,강남구,02-556-8800,의원
옥가로 70,2025-01-23 00:00:00,강릉연세요양병원,99,3,536,강원,강릉시,033-645-1400,요양병원
안암로 99,2025-01-23 00:00:00,우신향병원,80,3,537,서울,성북구,02-927-3333,병원
 단원구 선부광장로 103,2025-01-23 00:00:00,한도병원,54,17,538,경기,안산시,031-8040-1114,종합병원
물금읍 청운로 185,2025-01-06 00:00:00,센텀플러스신경외과의원,0,5,539,경남,양산시,055-381-7588,의원
고창읍 중앙로 206,2025-02-05 00:00:00,우리들마취통증의학과의원,0,4,540,전북,고창군,063-562-7570,의원
익산대로 198,2025-02-05 00:00:00,오강렬내과의원,0,2,541,전북,익산시,063-858-9119,의원
순창읍 순창9길 12-14,2025-02-05 00:00:00,이상희재활의학과의원,0,7,542,전북,순창군,063-653-8274,의원
대덕대로 246 넥서스벨리 B동 2층,2025-02-06 00:00:00,더봄구강악안면외과치과의원,0,10,543,대전,서구,042-710-2875,의원
양평읍 시민로36,2025-03-06 00:00:00,동서신경외과의원,0,7,544,경기,양평군,031-773-6806,의원
"상도로 247, 3층",2025-03-06 00:00:00,가장편한내과의원,0,4,545,서울,동작구,02-824-0011,의원
" 중앙로 308, 금촌타워 상가아파트 304~306호",2025-03-06 00:00:00,금촌비뇨기과의원,0,2,546,경기,파주시,031-941-3588,의원
"지행로 59, 401호",2025-03-06 00:00:00,조은비뇨기과의원,0,2,547,경기,동두천시,031-864-1711,의원
"남부순환로1603, 5층",2025-03-06 00:00:00,메가비뇨의학과의원,0,2,548,서울,관악구,02-871-7575,의원
"방배로 83, 방배센트럴빌딩 6층",2025-03-06 00:00:00,방배연내과의원,0,1,549,서울,서초구,02-522-9792,의원
"경인로 204, 501호, 601호",2025-03-06 00:00:00,구로삼성정형외과의원,0,4,550,서울,구로구,02-2683-8275,의원
화랑로 87,2025-04-03 00:00:00,미치과의원,0,1,551,서울,성북구,02-912-2828,의원
낙동대로 453,2025-02-11 00:00:00,박영수비뇨기과의원,0,1,552,부산,사하구,051-291-5732,의원
"정관읍 정관로 563, 301호",2025-02-11 00:00:00,더본정형외과의원,0,7,553,부산,기장구,051-723-7600,의원
대영로 46,2025-02-28 00:00:00,정원정형외과의원,29,4,554,부산,서구,051-248-0119,의원
번영로 485 4층,2025-06-27 00:00:00,하이울산신경과의원,0,8,555,울산,중구,052-286-5300,의원
"호계로 292, 3층",2025-02-11 00:00:00,울산숲정신건강의학과의원,0,1,556,울산,북구,052-281-7582,의원
"중앙로 262, 402~3호",2025-04-03 00:00:00,시원한비뇨기과의원,0,2,557,서울,양천구,02-2062-7510,의원
통일로 710,2025-04-03 00:00:00,정승기정형외과의원,5,1,558,서울,은평구,02-358-2458,의원
천호대로 307,2025-04-03 00:00:00,동인내과의원,0,1,559,서울,동대문구,02-2245-0875,의원
"구산로19, 2층",2025-04-03 00:00:00,현대정형외과의원,8,4,560,경남,김해시,055-902-3300,의원
화양읍 청화로 79-7,2025-02-12 00:00:00,청도대남병원,218,4,561,경북,청도군,054-373-0606,병원
장성읍 영천로 200-1,2025-04-15 00:00:00,장성기독의원,0,6,562,전남,장성군,061-393-3403,의원
영광읍 신남로 265,2026-01-13 00:00:00,의료법인거명의료재단 영광기독병원,206,13,563,전남,영광군,061-350-3115,종합병원
"대덕대로176번길 9, 6~7층(둔산동)",2025-04-11 00:00:00,삼성외과의원,22,1,564,대전,서구,042-361-5500,의원
"한강대로 259, 고려에이트리움",2025-05-30 00:00:00,서울정형외과의원(용산),0,1,565,서울,용산구,02-792-0321,의원
천호대로 455,2025-05-30 00:00:00,한양정형외과의원,25,3,566,서울,동대문구,02-2242-7844,의원
"기흥구 용구대로 2384, 2층",2025-05-30 00:00:00,서울플란트치과의원,0,1,567,경기,용인시,031-283-2581,의원
"자곡로120, 403~405호",2025-05-30 00:00:00,강남드림내과의원,0,1,568,서울,강남구,02-459-9777,의원
"고덕로 262, 304~310호, 407~412호",2025-05-30 00:00:00,강동본터치정형외과의원,13,3,569,서울,강동구,02-442-0087,의원
 통일로 433,2025-05-30 00:00:00,홍제연세참비뇨의학과의원,3,1,570,서울,서대문구,02-396-5550,의원
"도봉로 187, 2~5층, 지하1층",2025-05-30 00:00:00,강북으뜸병원,10,4,571,서울,강북구,1522-1746,병원
신촌로 88,2025-05-30 00:00:00,연세수정형외과의원,0,1,572,서울,마포구,02-332-1320,의원
노해로 507,2025-05-30 00:00:00,오아로피부과의원,0,1,573,서울,노원구,02-930-1500,의원
"온양읍 온양로 105, 3층",2023-06-29 00:00:00,이주형내과의원,0,5,574,울산,울주군,052-237-8800,의원
검배로 46,2026-01-06 00:00:00,구리센트럴병원,93,4,575,경기,구리시,031-564-4114,병원
"다대로 698, 5층",2025-05-30 00:00:00,다대튼튼치과의원,0,1,576,부산,사하구,051-715-2275,의원
"경인로 522, 4층(괴안동, 위드플러스타워)",2025-07-08 00:00:00,가톨릭정형외과의원,12,10,577,경기,부천시,032-223-8275,의원
삼문중앙로 32(삼문동),2025-06-24 00:00:00,밀양윤병원,120,9,578,경남,밀양시,055-354-2200,병원
순창읍 순창로 225-10,2025-06-27 00:00:00,류재규내과의원,0,5,579,전북,순창군,063-653-5885,의원
 구미중앙로 111,2025-07-08 00:00:00,하나이비인후과의원,1,1,580,경북,구미시,054-455-8924,의원
"호구포로 830, 5층",2025-09-02 00:00:00,153신경외과의원,0,3,581,인천,남동구,032-217-1100,의원
관산읍 관산로 92-6,2025-08-04 00:00:00,정의원,0,6,582,전남,장흥군,061-867-8576,의원
동서로 160,2025-08-04 00:00:00,하나이비인후과의원,0,1,583,전북,김제시,063-547-8275,의원
"동안구 평촌대로 217번길 27, 3~4층",2025-09-02 00:00:00,평촌연세365내과의원,0,4,584,경기,안양시,031-385-3650,의원
"다산중앙로 82번길 78, 2~3층",2025-09-02 00:00:00,다산이엠365의원,0,3,585,경기,남양주시,031-566-0911,의원
"검배로 42, 3~4층",2025-09-02 00:00:00,구리백내과의원,0,1,586,경기,구리시,031-557-6311,의원
"진주로 19, 3층",2025-09-02 00:00:00,아산퍼스트마취통증의학과의원,0,6,587,강원,삼척시,033-572-7588,의원
부천로 91,2025-09-02 00:00:00,뉴대성병원,252,12,588,경기,부천시,032-610-1111,종합병원
"수변로 8, 파워프라자 2층",2025-09-02 00:00:00,박현수정형외과의원,18,7,589,인천,부평구,032-507-6222,의원
"양도로 23, 오성프라자 6차 5층",2025-09-02 00:00:00,손발척척정형외과의원,14,2,590,경기,김포시,031-986-2980,의원
"도봉로 217, 25메디컬빌딩 5-7층",2025-11-19 00:00:00,엘앤에스비뇨기과의원,2,2,591,서울,강북구,02-988-1151,의원
"도봉로 684, 모비우스스퀘어 3층",2025-11-19 00:00:00,도봉연세위내과의원,0,1,592,서울,도봉구,02-6953-7561,의원
"홍릉로 3, 3층",2025-11-19 00:00:00,노태호바오로내과의원,0,3,593,서울,동대문구,02-968-7575,의원
돌곶이로 25,2025-11-19 00:00:00,굿데이이비인후과의원,0,1,594,서울,성북구,02-966-9002,의원
왕산로 171,2025-11-19 00:00:00,서울베스트안과의원,1,1,595,서울,동대문구,02-966-0225,의원
"내외중앙로 84 서울메디컬센터 8층,9층",2025-10-30 00:00:00,서울안과의원,0,2,596,경남,김해,055-327-7582,의원
마산회원구 회원동 북성로138 천지리치빌 306호,2025-09-30 00:00:00,이동헌비뇨기과의원,0,2,597,경남,창원,055-248-1097,의원
창녕읍 명덕로 66-1,2025-09-30 00:00:00,중앙마취통증의학과의원,0,8,598,경남,창녕군,055-532-1450,의원
조치원로 62-1,2025-10-14 00:00:00,장현진정형외과의원,0,6,599,세종,조치원읍,044-863-1150,의원
"계룡로 114, BYC빌딩 7층(봉명동)",2024-11-04 00:00:00,새봄안과의원,3,1,600,대전,유성구,042-826-2475,의원
조촌4길 11,2025-11-19 00:00:00,군산원광효도요양병원,564,7,601,전북,군산시,063-450-0817,요양병원
궁포안1길 33,2025-11-19 00:00:00,달팽이이비인후과의원,3,3,602,전북,군산시,063-445-1005,의원
"삼산로 171, 2층, 3층",2025-11-19 00:00:00,배양규비뇨의학과의원,3,13,603,울산,남구,052-260-6000,의원
의림대로 123. 2층,2025-10-30 00:00:00,삼성바른정형외과의원,0,4,604,충북,제천시,043-643-3300,의원
괴산읍 읍내로 11길 14,2025-10-30 00:00:00,중앙외과의원,0,3,605,충북,괴산군,043-832-2448,의원
대소면 오태로 98,2025-10-30 00:00:00,조은내과의원,0,3,606,충북,음성군,043-882-8880,의원
 의령읍 의병로 14길 10,2025-11-20 00:00:00,의령병원,48,8,607,경남,의령군,070-8885-6149,병원
"동진로 22, 아주스타타워 8,9층",2025-11-19 00:00:00,굿앤센신경외과신경과내과의원,16,8,608,경남,진주시,055-752-8090,의원
신등면 신차로 509,2025-11-19 00:00:00,신등하나의원,0,11,609,경남,산청군,055-974-0417,의원
삼가면 삼가1로 94,2025-11-19 00:00:00,현대의원,0,6,610,경남,합천군,055-933-8578,의원
"화전로 96번가길 4, 3층",2025-11-19 00:00:00,일등내과의원,0,1,611,경남,남해군,055-863-1012,의원
고성읍 동외로 157,2025-11-19 00:00:00,고성비뇨기과의원,0,2,612,경남,고성군,055-674-7575,의원
번영2로 18-10(신관동),2025-10-30 00:00:00,현대요양병원,231,5,613,충남,공주시,041-850-7500,요양병원
수영로 260 5층 511-512호,2025-11-20 00:00:00,박언비뇨의학과의원,0,2,614,부산,남구,051-622-5474,의원
"낙동남로 1412 경부빌딩 7,8층",2025-11-20 00:00:00,비에스숨이비인후과의원,0,2,615,부산,사하구,051-710-7579,의원
구서로17 덕원메디칼 2층,2025-11-20 00:00:00,한솔내과의원,0,7,616,부산,금정구,051-581-3242,의원
영산로 246,2025-11-19 00:00:00,우리고운피부과의원,0,3,617,전남,목포시,061-279-3355,의원
일로읍 오룡번영3로 40,2025-11-19 00:00:00,위드유이비인후과의원,0,7,618,전남,무안군,061-283-3900,의원
중앙로 127,2025-10-29 00:00:00,문경드림비뇨기과의원,0,2,619,경북,문경시,054-504-7752,의원
당산로 94,2025-10-29 00:00:00,좋은연합정형외과의원,21,5,620,대구,달서구,053-628-2727,의원
김천로 158,2025-10-29 00:00:00,세이치과의원,0,1,621,경북,김천시,054-431-2275,의원
경안로 206,2025-10-29 00:00:00,세명치과의원,0,1,622,경북,경산시,053-812-2822,의원
백강로 375-11,2025-11-19 00:00:00,손사랑연합의원,0,18,623,전남,순천시,061-724-0994,의원
고흥읍 학교길 40,2025-11-19 00:00:00,박혜의원,0,6,624,전남,고흥군,061-835-2281,의원
양율길 306(인월동),2025-11-19 00:00:00,메디팜요양병원,341,6,625,전남,순천시,061-729-3306,요양병원
덕진구 쪽구름로 120,2025-11-19 00:00:00,장인수가정의학과의원,0,1,626,전북,전주시,063-214-7582,의원
용성로 113,2025-11-19 00:00:00,중앙안과의원,0,1,627,전북,전주시,063-625-3398,의원
남원읍 태위로 636,2025-11-20 00:00:00,남원의원,0,6,628,제주,서귀포시,064-764-4156,의원
"흥덕구 2순환로 1120, 3-5층",2025-11-03 00:00:00,청주웰치과의원,0,5,629,충북,청주시,043-238-9201,의원
"삽교읍 예목로 154, 3층",2025-10-30 00:00:00,내포아산의원,0,6,630,충남,예산군,041-404-7582,의원
시흥대로 190,2025-12-03 00:00:00,마스터연세정형외과의원,0,5,631,서울,금천구,02-807-1175,의원
보라매로 113 3층,2025-12-03 00:00:00,코사랑이비인후과의원,1,3,632,서울,동작구,02-821-1515,의원
경인로 387 5층,2025-12-03 00:00:00,타임안과의원,3,1,633,서울,구로구,02-6342-8000,의원
공단1대로 237 B동 3~8층,2025-12-03 00:00:00,센트럴요양병원,197,10,634,경기,시흥시,031-8041-3799,요양병원
기흥구 죽전로 2 4층,2025-12-03 00:00:00,맨스톤비뇨의학과의원,1,1,635,경기,용인시,031-265-5375,의원
분당구 돌마로 85 702호,2025-12-03 00:00:00,서울엘리트치과의원,0,1,636,경기,성남시,031-701-7528,의원
평화로 540 퍼시픽타워 11층,2025-12-03 00:00:00,서울아산이비인후과의원,2,1,637,경기,의정부시,0507-1405-3710,의원
방어진순환도로 633 세인트에스타워9층,2025-11-19 00:00:00,동울산영상의학과의원,3,2,638,울산,동구,052-236-7799,의원
언양읍 남문길 12,2025-11-19 00:00:00,백인정형외과의원,3,10,639,울산,울주군,052-262-6900,의원
"읍내로 105, 5층",2025-11-19 00:00:00,이광욱내과의원,0,4,640,부산,기장군,051-722-9957,의원
만덕대로 17,2025-11-03 00:00:00,덕천치과의원,0,1,641,부산,북구,051-313-6000,의원
" 비프광장로 40, B-501호",2025-11-03 00:00:00,애플치과의원,0,1,642,부산,중구,051-248-2828,의원
시랑로 12(구포동),2025-11-20 00:00:00,김호일정형외과의원,23,1,643,부산,북구,051-342-3355,의원
김해대로 1814-37,2025-11-20 00:00:00,조은금강병원,241,19,644,경남,김해시,055-330-0319,종합병원
"명천중앙길 8, 104호",2025-11-21 00:00:00,푸른정형외과의원,0,6,645,충남,보령시,041-931-2386,의원
배방읍 모산로 181,2025-11-21 00:00:00,큰나무정형외과의원,29,9,646,충남,아산시,041-543-8275,의원
석적읍 강변대로 2288,2025-11-21 00:00:00,더속편한내과의원,0,4,647,경북,칠곡군,054-977-4500,의원
수성구 동대구로 86,2025-11-21 00:00:00,에스신경외과의원,2,4,648,대구,광역시,053-764-1192,의원
화원읍 비슬로 2463,2025-11-21 00:00:00,더퍼스트병원,60,4,649,대구,달성군,053-710-8211,병원
다산면 다산로 701,2025-11-21 00:00:00,하하정형외과의원,0,10,650,경북,고령군,054-954-9911,의원
"김포한강4로 525, 감두리빌딩 4층",2026-01-15 00:00:00,퍼스트내과의원,0,1,651,경기,김포시,031-981-6051,의원
"석정로 391, 뉴글로벌빌딩 2층",2026-01-15 00:00:00,주안성모이비인후과의원,2,3,652,인천,미추홀구,032-872-8281,의원
" 장제로 871 셀마파빌딩 3,4층",2026-01-15 00:00:00,마음속내과의원,2,3,653,인천,계양구,032-541-6767,의원
"부평대로 19-1, 2층",2026-01-15 00:00:00,원더이비인후과의원,1,5,654,인천,부평구,032-330-2275,의원
"구월남로 172, 3층 301호",2026-01-15 00:00:00,꽃보다이비인후과의원,2,10,655,인천,남동,032-465-1904,의원
" 천호대로 1015(천호동, 성보빌딩 10층)",2026-01-15 00:00:00,탑비뇨기과의원,1,2,656,서울,강동구,02-478-0100,의원
"송파대로 562(신천동, 3층)",2026-01-15 00:00:00,잠실서울비뇨의학과의원,1,1,657,서울,송파구,02-425-0010,의원
"자양로 95, 801호(자양동)",2026-01-15 00:00:00,연세안안과의원,0,1,658,서울,광진구,02-446-6675,의원
흥업면 남원로 57,2026-01-15 00:00:00,원주연세의원,0,8,659,강원,원주시,033-766-7881,의원
청운1길 48 2층,2026-01-15 00:00:00,동해제일내과의원,0,5,660,강원,동해시,033-522-6638,의원
남양동 55-63,2026-01-15 00:00:00,신준호의원,3,3,661,강원,삼척시,033-575-0018,의원
황지로 169(황지동),2026-01-15 00:00:00,태백밝은안과의원,0,1,662,강원,태백시,033-554-0071,의원
정선읍 봉양6길 14,2026-01-15 00:00:00,정선연세외과의원,0,7,663,강원,정선군,033-563-7778,의원
중원구 산성대로 380(5층),2026-01-15 00:00:00,수서울내과의원,0,4,664,경기,성남시,031-748-1112,의원
금강로 69(4층),2026-01-15 00:00:00,연세플러스비뇨기과의원,6,1,665,강원,춘천시,033-243-6400,의원
제석로 110,2026-01-15 00:00:00,킹덤치과의원,0,1,666,광주,남구,062-671-4400,의원
화순읍 중앙로 69,2026-01-15 00:00:00,화순고인돌정형외과의원,0,1,667,전남,화순군,061-373-7575,의원
강진읍 평동2길 30,2026-01-15 00:00:00,강진88정형외과의원,0,7,668,전남,강진군,061-433-8899,의원
장흥읍 중앙로1길 13,2026-01-15 00:00:00,장흥성심의원,0,8,669,전남,장흥군,061-836-5903,의원
해남읍 천변1길 8,2026-01-15 00:00:00,김만중내과의원,0,1,670,전남,해남군,061-536-3737,의원
"금산읍 금산로 1491, 2층",2025-11-21 00:00:00,속편한내과의원,0,9,671,충남,금산군,041-753-5575,의원
부흥로 377,2026-01-15 00:00:00,대성안과의원,0,1,672,경기,부천시,032-661-3100,의원
"시민로 39, 3층",2026-01-15 00:00:00,요한비뇨기과의원,1,4,673,경기,의정부시,031-855-8822,의원
"아양1로 61, 폴리프라자1 3층",2026-01-15 00:00:00,더편한장내과의원,0,1,674,경기,안성시,031-671-7575,의원
"책향기로 836, 아름터타워 3층",2026-01-15 00:00:00,연세탄탄정형외과의원,0,5,675,경기,파주시,031-939-1004,의원
태평로 73번길 55,2025-01-23 00:00:00,서울신세계안과의원,4,1,676,경기,의정부시,1599-7397,의원
간성읍 간성로 24,2026-01-15 00:00:00,고성제일의원,0,3,677,강원,고성군,033-681-7582,의원
수동면 외방로 172번길 50,2026-01-15 00:00:00,경기도립노인전문 남양주병원,241,7,678,경기,남양주시,031-590-5000,요양병원
" 강남대로 376, 12층",2026-01-15 00:00:00,강남서울엔비뇨기과의원,1,1,679,서울,강남구,02-553-8258,의원
" 언주로 174길 26, 남강빌딩 2층",2026-01-15 00:00:00,허준원엠디피부과의원,0,1,680,서울,강남구,02-518-0382,의원
양평읍 시민로 29,2026-01-15 00:00:00,푸른정형외과의원,0,8,681,경기,양평군,031-774-7582,의원
"일산동구 강석로 113, 2층",2026-01-15 00:00:00,일산연세참비뇨의학과의원,2,1,682,경기,고양시,031-927-9276,의원
"자하문로 58, 3층",2024-02-01 00:00:00,곽내과의원,0,1,683,서울,종로구,02-735-5135,의원
권선구 경수대로 321,2026-01-15 00:00:00,한마음외과의원,24,1,684,경기,수원시,031-235-7766,의원
"동안구 시민대로 206, 4,5층",2026-01-15 00:00:00,평촌범계연세바로걷는의원,0,4,685,경기,안양시,031-387-7585,의원
"진접읍 해밀예당1로 30, 센타프라자 6층",2026-01-15 00:00:00,이룸이비인후과의원,1,10,686,경기,남양주시,031-571-5075,의원
"능곡번영길 30, 3층",2026-01-15 00:00:00,김철수내과의원,0,1,687,경기,시흥시,031-503-0872,의원
낙동대로 786 애진빌딩 6층,2024-04-03 00:00:00,부산신경외과의원,0,4,688,부산,사상구,051-715-3301,의원
"표선면 표선중앙로 86, 2층",2024-02-08 00:00:00,해비치의원,0,7,689,제주,서귀포시,064-787-6780,의원
"세실로 43, 301호",2024-04-03 00:00:00,신세기이비인후과의원,0,1,690,부산,해운대구,051-704-0370,의원
서암대로 187,2024-04-03 00:00:00,에이치메디컬의원,22,5,691,광주,북구,062-510-2003,의원
대정읍 하모상가로 49,2024-02-19 00:00:00,서울삼성재활의학과의원,0,7,692,제주,서귀포시,064-792-8887,의원
"하늘중앙로 193, 조양타워 6,7층",2024-04-03 00:00:00,하늘정형외과의원,0,7,693,인천,중구,032-747-1321,의원
 해월로 178(반월동),2026-02-06 00:00:00,김현장외과의원,0,2,694,충남,논산시,041-734-5544,의원
월배로 219,2025-04-14 00:00:00,수연합내과의원,0,3,695,대구,달서구,053-642-7575,의원
"덕양구 백양로 51, 네이버타운 301호",2025-12-01 00:00:00,이움내과의원,0,3,696,경기,고양시,031-979-0875,의원
신기로 28(신기동),2026-01-15 00:00:00,베데스다복음병원,201,10,697,경남,양산시,055-781-9708,종합병원
학정로 419,2024-04-22 00:00:00,새강북연합정형외과의원,29,3,698,대구,북구,053-324-7575,의원
남구 대이로 109,2024-04-22 00:00:00,제일좋은내과의원,0,13,699,경북,포항시,054-254-1212,의원
공영로 73,2025-04-03 00:00:00,이사랑치과의원,0,9,700,전남,광양시,061-792-9275,의원
"동송읍 금학로 215, 2층",2024-05-02 00:00:00,동송제일정형외과의원,0,1,701,강원,철원군,033-458-1188,의원
"홍천읍 홍천로 316, 4~5층",2024-05-02 00:00:00,윤성일정형외과의원,0,1,702,강원,홍천군,033-439-9999,의원
"강서로 179, 6~10층",2024-05-02 00:00:00,서울원병원,68,7,703,서울,강서구,1544-5888,병원
구덕로 90 서라벌빌딩 5층,2025-05-23 00:00:00,BS삼성안과의원,3,1,704,부산,중구,051-808-7688,의원
"덕계로 61 태광프라자 2,3층",2024-06-04 00:00:00,더바른내과의원,0,1,705,경남,양산시,055-785-5888,의원
"일산서구 일현로 97-11, 1층",2024-10-10 00:00:00,일산미래내과의원,0,3,706,경기,고양시,1544-7517,의원
해운대로 469번가길 77,2025-10-14 00:00:00,부산노인전문제3병원,251,5,707,부산,해운대구,051-780-5557,요양병원
행안면 염소로 25,2024-07-08 00:00:00,부안효요양병원,175,8,708,전북,부안군,063-580-7337,요양병원
고창읍 보릿골로 115,2024-07-08 00:00:00,플란트유치과의원,0,5,709,전북,고창군,063-923-9877,의원
관문로4 율곡스퀘어프런티어2 4층,2024-07-10 00:00:00,진주역전이비인후과의원,0,7,710,경남,진주시,055-759-3535,의원
진주대로 888 아이비타워 5층,2024-07-10 00:00:00,밝은삼성안과의원,0,1,711,경남,진주시,055-795-1700,의원
삼향읍 남악로 250번길 59-30,2024-07-17 00:00:00,시그니티요양병원,330,6,712,전남,무안군,061-288-5504,요양병원
유엔평화로 4 갤러리메디타워 5-6층,2024-07-17 00:00:00,센텀카이스트재활의학과의원,0,6,713,부산,남구,051-711-7512,의원
동삼로 56 한나타워 2층,2024-07-17 00:00:00,오션이비인후과의원,0,1,714,부산,영동구,051-405-1004,의원
"낙동대로 786, 애진빌딩 502호",2024-07-17 00:00:00,맑은유비뇨기과의원,0,2,715,부산,사상구,051-324-2481,의원
만덕대로 24(덕천동),2025-06-18 00:00:00,서울아산이비인후과의원,0,4,716,부산,북구,051-711-3323,의원
구미대로 409,2025-12-01 00:00:00,마디와신경외과의원,0,4,717,경북,구미시,054-457-1800,의원
청도읍 청화로 154,2024-07-17 00:00:00,속튼튼의원,0,4,718,경북,청도군,054-371-0075,의원
동북로 244,2025-10-14 00:00:00,브이웰마취통증의학과의원,5,9,719,대구,북구,053-956-4886,의원
"하늘달빛로 94, 스타타워 301~3호",2024-07-18 00:00:00,장튼튼내과의원,0,2,720,인천,중구,032-752-2388,의원
"조천읍 함덕 13길 1 2,3층",2025-08-29 00:00:00,서울아산정형외과의원,0,3,721,제주,제주시,064-782-8275,의원
일주동로 8614 2층,2025-10-14 00:00:00,연합치과의원,0,11,722,제주,서귀포시,064-762-2275,의원
덕계로 22,2025-01-07 00:00:00,이진정형외과의원,0,9,723,경남,양산시,055-364-5511,의원
중앙대로 233,2024-10-10 00:00:00,한빛내과의원,0,8,724,부산,동구,051-966-7800,의원
"중앙대로 2101, 2층",2024-10-10 00:00:00,위드유이비인과의원,0,4,725,부산,금정구,051-583-7300,의원
남후면 남일로 1463,2024-09-03 00:00:00,경북도립안동노인전문요양병원,363,9,726,경북,안동시,054-851-6110,요양병원
예천읍 시장로 108,2024-08-05 00:00:00,서울삼성내과의원,0,4,727,경북,예천군,054-652-3410,의원
점촌로 23,2025-11-06 00:00:00,삼성안과의원,0,1,728,경북,문경시,054-554-1119,의원
아양로 81,2025-10-14 00:00:00,라임비뇨기과의원,0,2,729,대구,동구,053-955-7600,의원
하양읍 서사도리 9로 27,2025-10-13 00:00:00,새하양정형외과의원,0,8,730,경북,경산시,053-851-7585,의원
울진읍 울진중앙로 120,2024-08-05 00:00:00,민치과의원,0,1,731,경북,울진군,054-783-0050,의원
"독배로 409번길 11, 효명프라자 304~5호",2025-10-14 00:00:00,눈애안과의원,1,1,732,인천,연수구,032-716-6647,의원
"용담로 153, 대동월드스포츠센터 203호",2025-10-14 00:00:00,연수리더스내과의원,0,8,733,인천,연수구,032-719-9988,의원
석정로 7-1,2024-08-12 00:00:00,우안과의원,0,1,734,경남,밀양시,055-355-2112,의원
원서로 10,2024-08-12 00:00:00,보람가정의학과의원,0,8,735,경남,함안군,055-586-0501,의원
고척로21나길 88-41,2024-08-27 00:00:00,미소들노인전문병원,405,6,736,서울,구로구,02-3666-1114,요양병원
"테헤란로 146, 현익빌딩 5층",2024-08-20 00:00:00,화이팅정형외과의원,10,2,737,서울,강남구,02-2088-2075,의원
"새말로 89, 태영빌딩 202호",2024-08-20 00:00:00,신도림하나이비인후과의원,3,1,738,서울,구로구,02-859-5011,의원
"늘을2로 14번길 5, 샤르망메디칼프라자 401호",2024-10-10 00:00:00,다모아치과의원,0,1,739,경기,남양주시,031-593-2879,의원
"지산로 64, 1~5층",2024-10-10 00:00:00,건강드림내과의원,16,6,740,경기,평택시,031-666-8275,의원
"경강로 2079, 2~5층",2024-08-20 00:00:00,우리들내과의원,0,4,741,강원,강릉시,033-610-1500,의원
"한섬로 111-7, 3층",2024-08-20 00:00:00,누가이비인후과의원,3,1,742,강원,동해시,033-535-3600,의원
비파로 106,2024-08-12 00:00:00,서울안과의원,0,1,743,전남,목포시,061-283-3075,의원
하당로 153번길 14,2024-08-12 00:00:00,동서재활의학과의원,19,6,744,전남,목포시,061-280-8113,의원
내바람길 42,2024-08-12 00:00:00,하나로플란트치과의원,0,1,745,전남,함평군,061-894-7528,의원
무안읍 무안중앙로 11,2024-08-12 00:00:00,한국신경외과의원,0,3,746,전남,무안군,061-876-7582,의원
옥당로 155,2024-08-12 00:00:00,복음내과의원,0,9,747,전남,영광군,061-351-0124,의원
좌수영로 25,2024-08-12 00:00:00,밝은여수안과,0,1,748,전남,여수시,061-665-1090,의원
센텀남대로 50,2025-10-14 00:00:00,센텀소중한눈안과의원,0,1,749,부산,해운대구,051-920-7788,의원
반송로 325(명장동),2025-10-14 00:00:00,윤재웅신경외과의원,0,15,750,부산,동래구,051-710-3256,의원
명륜로 103번길 19,2025-10-14 00:00:00,청춘안과의원,0,1,751,부산,동래구,051-558-1070,의원
황등면 황등서로 4,2024-08-21 00:00:00,이기훈내과의원,0,1,752,전북,익산시,063-852-3321,의원
동서로 259,2024-08-12 00:00:00,양춘호치과의원,0,1,753,전북,김제시,063-542-4567,의원
일광읍 해빛6로 85-16,2024-08-12 00:00:00,바르다마취통증의학과의원,0,6,754,부산,기장군,051-724-6768,의원
원대로 33,2025-10-14 00:00:00,경대믿음정형외과의원,15,7,755,대구,서구,053-525-7582,의원
달구벌대로 1525,2025-10-14 00:00:00,비앤비뇨의학과의원,2,2,756,대구,달서구,053-552-2525,의원
구지면 과학마을로 42,2025-10-14 00:00:00,구지척앤본신경외과의원,0,4,757,대구,달성군,053-615-6666,의원
왜관읍 중앙로 159,2024-09-02 00:00:00,우리삼성안과의원,0,1,758,경북,칠곡군,054-975-7582,의원
수성로 353,2025-10-14 00:00:00,9988정형외과의원,0,7,759,대구,수성구,053-784-9988,의원
마륵복개로 91,2024-08-19 00:00:00,상무탑정형외과의원,0,5,760,광주,서구,062-384-8875,의원
화순읍 칠충로 141-7,2024-08-19 00:00:00,화순튼튼마취통증의학과의원,0,4,761,전남,화순군,061-372-7522,의원
남부순환로 5,2024-08-19 00:00:00,서울탑마취통증의학과의원,0,4,762,전남,해남군,061-537-0999,의원
완도읍 개포로 130번길 17,2025-12-30 00:00:00,임태진내과의원,0,7,763,전남,완도군,061-555-2005,의원
화순읍 덕음로 999,2024-08-19 00:00:00,전남제일요양병원,246,7,764,전남,화순군,061-900-1166,요양병원
삼례읍 삼봉중앙로 9,2024-08-26 00:00:00,삼봉이치과의원,0,1,765,전북,완주군,063-263-8275,의원
임실읍 봉황로 203,2024-08-26 00:00:00,다사랑의원,0,4,766,전북,임실군,063-644-2400,의원
중앙로 78,2024-08-26 00:00:00,권오연치과의원,0,1,767,경북,영주시,054-636-0248,의원
원효로 51번길 12,2024-08-26 00:00:00,나득영심혈내과의원,0,5,768,경북,경주시,054-772-9007,의원
거제중앙로 25길 4 유신빌딩 3층,2024-08-26 00:00:00,정안과의원,0,1,769,경남,거제시,055-636-7345,의원
"송현로 1, 송현프라자 401호",2025-10-14 00:00:00,동인천내과의원,0,4,770,인천,동구,032-765-5676,의원
대소면 오태로 175,2024-08-29 00:00:00,서울연합의원,29,4,771,충북,음성군,043-883-2700,의원
계룡로 491번길 8,2025-02-21 00:00:00,대전참사랑요양병원,132,5,772,대전,서구,070-4292-6554,요양병원
도산로 286,2024-09-04 00:00:00,백세성모정형외과의원,29,5,773,대전,서구,042-716-0119,의원
동대전로 59-1,2024-09-04 00:00:00,나상연정형외과의원,29,5,774,대전,서구,042-628-3600,의원
금산읍 인삼로 65,2024-09-04 00:00:00,하나치과의원,0,8,775,충남,금산군,041-751-7522,의원
부여읍 성왕로 196,2024-09-04 00:00:00,부여이비인후과의원,0,3,776,충남,부여군,041-408-7500,의원
영동읍 중앙로 43,2024-09-04 00:00:00,서울더편한치과의원,0,8,777,충북,영동군,043-742-2080,의원
월배로 474,2025-07-22 00:00:00,곽앤신이비인후과의원,2,7,778,대구,남구,053-638-7582,의원
좌수영로 319,2024-08-30 00:00:00,동인요양병원,264,4,779,전남,여수시,061-640-8105,요양병원
구례읍 봉동길 7,2024-08-30 00:00:00,구례서울의원,0,10,780,전남,구례군,061-783-7575,의원
"삼산로 266, 5층",2024-09-09 00:00:00,전용진정형외과의원,0,4,781,울산,남구,052-260-0504,의원
"원미구 길주로 243, 302호 제일프라자",2025-10-14 00:00:00,명비뇨기과의원,0,2,782,경기,부천시,032-327-1351,의원
"오리로 374, 3층 인선빌딩",2025-10-14 00:00:00,오이비인후과의원,0,3,783,경기,광명시,02-899-1119,의원
"디지털로 25, 3~5층 창덕빌딩",2025-10-14 00:00:00,로하스광명요양병원,217,12,784,경기,광명시,02-2619-0075,요양병원
"퇴계로 188, 3층",2024-09-05 00:00:00,안정효내과의원,0,1,785,강원,춘천시,033-262-9889,의원
"후석로 355, 2층",2024-09-05 00:00:00,하나큐치과의원,0,1,786,강원,춘천시,033-256-1928,의원
동면 세실로 252,2024-09-05 00:00:00,춘천시노인전문병원,163,4,787,강원,춘천시,033-240-7500,요양병원
봉화로 31,2024-09-05 00:00:00,탑정형외과의원,16,1,788,강원,원주시,1599-7501,의원
"영통구 봉영로 1623, 3층",2024-09-05 00:00:00,연세내과의원,0,1,789,경기,수원시,031-203-1245,의원
"만안구 병목안로 2, 3층",2024-09-05 00:00:00,안양더샘찬정형외과의원,0,3,790,경기,안양시,031-465-1358,의원
"산본로 323번길 16-6, 5층",2024-09-05 00:00:00,서울탑재활의학과의원,0,3,791,경기,군포시,031-393-1000,의원
송탄로 410,2024-09-05 00:00:00,하나의원,0,3,792,경기,평택시,031-663-9798,의원
"경의로 1092, 401호",2024-09-05 00:00:00,센트럴제일안과,0,1,793,경기,파주시,031-978-8275,의원
"망우로 203, 201호",2024-09-05 00:00:00,권이비인후과의원,0,1,794,서울,중랑구,02-438-0660,의원
"양화로 61, 두암빌딩 1~2층",2024-09-05 00:00:00,랩이비인후과의원,3,2,795,서울,마포구,02-6015-5075,의원
"수색로 56, 4층",2024-09-05 00:00:00,연세장안과의원,10,3,796,서울,서대문구,02-372-5677,의원
"화곡로 152, 2층",2024-09-05 00:00:00,연세든든내과의원,6,2,797,서울,강서구,02-6347-8880,의원
"동호로 102, 3층",2024-09-05 00:00:00,베스트서울이비인후과의원,0,1,798,서울,성동구,02-2138-2675,의원
"백제고분로 466, 2층",2024-09-05 00:00:00,열린성모이비인후과의원,0,1,799,서울,송파구,02-6413-1004,의원
공항대로 630,2025-02-26 00:00:00,서울선정형외과의원,6,5,800,서울,양천구,02-2038-2530,의원
"경인로 841, 4~5층",2024-09-05 00:00:00,영등포열린의원,0,1,801,서울,영등포구,02-2676-0832,의원
"통일로 742, 4~5층",2024-09-05 00:00:00,연세큰숲내과의원,0,1,802,서울,은평구,02-2038-8270,의원
"강서로 254, 401호",2024-09-05 00:00:00,강서이편한치과의원,0,1,803,서울,강서구,02-2694-2804,의원
성산구 원이대로 595 고운메디컬 3층,2024-10-21 00:00:00,제니트비뇨기과의원,0,1,804,경남,창원시,055-285-2727,의원
팔마로 48,2024-09-23 00:00:00,샘연합의원,0,14,805,전남,순천시,061-744-7707,의원
문수로 84,2025-04-29 00:00:00,심병수신경외과의원,0,3,806,전남,여수시,061-655-1700,의원
서북구 충무로 178,2024-10-10 00:00:00,삼성비뇨기과의원,1,2,807,충남,천안시,041-578-0875,의원
조치원로 7,2025-10-14 00:00:00,이병진치과의원,0,2,808,세종,조치원읍,044-862-2812,의원
한누리대로 273,2025-10-14 00:00:00,세종연합비뇨기과의원,3,2,809,세종,세종시,044-867-2800,의원
단양읍 삼봉로 53,2025-09-15 00:00:00,단양군보건의료원,30,8,810,충북,단양군,043-420-7700,병원
"용정공원로 83번길 59, 2층",2025-10-14 00:00:00,인천메트로정형외과의원,0,4,811,인천,미추홀구,032-891-8875,의원
백서로 134-1,2025-10-13 00:00:00,김평남내과의원,0,10,812,광주,광주시,062-233-7575,의원
월계로 223-8,2025-10-13 00:00:00,첨단메디케어의원,20,8,813,광주,광주시,062-720-9700,의원
"완산구 쑥고개로 377, 2층",2025-12-17 00:00:00,대한결핵협회 전북특별자치도지부 복십자의원,0,1,814,전북,전주시,063-714-3104,의원
삼례읍 삼봉1로 2,2024-10-07 00:00:00,새봄가정의학과의원,0,7,815,전북,완주군,063-262-1033,의원
구성로 380,2024-10-07 00:00:00,영주기독병원,70,5,816,경북,영주시,054-635-6161,병원
"도봉로 52, 4~5층",2024-10-10 00:00:00,서울신세계안과의원(강북),2,1,817,서울,강북구,02-1599-7397,의원
마들로13길 61,2024-10-10 00:00:00,창동으뜸정형외과의원,0,5,818,서울,도봉구,02-6077-8880,의원
"분당구 성남대로 912, 4층",2024-10-10 00:00:00,분당안과의원,6,4,819,경기,성남시,031-703-6464,의원
"신림로 318, 6층",2024-10-10 00:00:00,주인종내과의원,0,4,820,서울,관악구,02-883-3379,의원
"은천로 110, 2층",2024-10-10 00:00:00,서전성모안과의원,1,1,821,서울,관악구,02-875-7572,의원
"강남대로 415, 4층",2024-10-10 00:00:00,강남레옹치과의원,0,1,822,서울,서초구,02-535-2119,의원
"반포대로27길 13, 2층",2024-10-10 00:00:00,서초성모이비인후과의원,0,2,823,서울,서초구,02-581-0075,의원
"종로 123, 3층",2024-10-10 00:00:00,종로아산본정형외과의원,0,5,824,서울,종로구,02-745-7575,의원
분당구 양현로94번길 17,2025-12-11 00:00:00,분당센트럴요양병원,170,4,825,경기,성남시,031-706-9090,요양병원
"신우실로 61, 4층",2024-10-10 00:00:00,감일성모내과의원,0,3,826,경기,하남시,02-6215-7575,의원
"광주대로 31, 8층",2024-10-10 00:00:00,광주시원한비뇨의학과의원,1,1,827,경기,광주시,031-8027-9275,의원
"도산대로 237, 5층 (신사동)",2025-12-04 00:00:00,안심서울마취통증의학과의원,0,1,828,서울,강남구,02-766-3087,의원
남구 중흥로 88,2024-10-28 00:00:00,시원한신경과의원,0,8,829,경북,포항시,054-285-8500,의원
"차성로 288번길 30, 2층",2024-10-29 00:00:00,기장뉴욕치과의원,0,1,830,부산,기장군,051-723-7285,의원
반송로 5,2025-10-14 00:00:00,박윤하비뇨기과의원,0,2,831,부산,연제구,051-867-5335,의원
수영로 675,2025-10-14 00:00:00,수영청담비뇨의학과의원,0,1,832,부산,수영구,051-754-8111,의원
"장제로 871, 2층",2024-10-31 00:00:00,벗이비인후과의원,0,3,833,인천,계양구,032-710-7531,의원
"논고개로 114, 에이스타워 301~2호",2024-10-31 00:00:00,메가비뇨의학과의원,0,2,834,인천,인천시,032-426-8600,의원
"부평대로 9, 문화오피스텔 4층",2024-10-31 00:00:00,부평내과의원,0,2,835,인천,인천시,032-522-7563,의원
대덕대로 1610,2024-11-04 00:00:00,제일신경외과의원,2,7,836,대전,대덕구,042-934-8118,의원
서문대로 675,2024-11-11 00:00:00,더윈이비인후과의원,0,9,837,광주,남구,062-676-0111,의원
고흥읍 터미널길 33,2024-11-11 00:00:00,손치과의원,0,1,838,전남,고흥군,061-833-2875,의원
"상봉로 134, 3층",2024-11-11 00:00:00,새플란트치과의원,2,1,839,서울,중랑구,02-433-2080,의원
상록구 용신로 364,2024-11-11 00:00:00,우리안신경외과의원,0,1,840,경기,안산시,031-484-7777,의원
"봉담읍 상리2길 55, 5층",2024-11-11 00:00:00,봉담센트럴내과의원,6,3,841,경기,화성시,031-307-1000,의원
화도읍 마석중앙로 78,2024-11-11 00:00:00,안종훈내과의원,0,3,842,경기,남양주시,031-593-7390,의원
"분당구 성남대로331번길 7, 4층",2025-01-08 00:00:00,리앤홍이비인후과,1,1,843,경기,성남시,031-714-1077,의원
"초월읍 경충대로 1087, 2~3층",2024-11-13 00:00:00,서울더센트럴치과,0,1,844,경기,광주시,031-763-2080,의원
"영창로 202, 가동 5층",2024-11-11 00:00:00,연세든든내과,0,3,845,경기,이천시,031-694-0775,의원
봉담읍 삼천병마로 1316,2024-11-11 00:00:00,삼성정형외과의원,0,6,846,경기,화성시,031-298-2115,의원
"염곡로 464번길 15, 4층",2024-11-15 00:00:00,우리베스트내과의원,0,6,847,인천,서구,032-715-6308,의원
"김포대로 847, 4층",2025-02-12 00:00:00,김포삼성굿비뇨기과의원,3,1,848,경기,김포시,031-8049-7675,의원
소사구 경인로 110번길 18,2024-11-15 00:00:00,부천메디홀스의원,0,3,849,경기,부천시,032-656-4114,의원
대신로 120,2024-11-19 00:00:00,한빛요양병원,289,6,850,경남,진주시,070-4121-1479,요양병원
"중앙로 240, 2층",2024-11-12 00:00:00,통영예일안과의원,0,1,851,경남,통영시,055-644-5419,의원
"중앙로 90, 2층",2024-11-12 00:00:00,최진화비뇨기과의원,0,4,852,경남,통영시,055-646-7177,의원
동부로 22길 2,2025-10-14 00:00:00,센트럴안과의원,0,1,853,대구,동구,053-782-0055,의원
완산구 난전들로 266,2025-03-27 00:00:00,삼성가정의학과의원,0,10,854,전북,전주시,063-285-6002,의원
안덕면 화순로 112,2025-10-14 00:00:00,안덕의원,0,1,855,제주,서귀포시,064-794-0906,의원
의림대로 222,2024-11-25 00:00:00,제천밝은안과의원,0,1,856,충북,제천시,043-643-4200,의원
"상당구 중고개로 180-5, 3층",2024-11-25 00:00:00,서울아산비뇨의학과의원,1,2,857,충북,청주시,043-286-8253,의원
"계동로 102번길 31, 1.2층",2025-02-05 00:00:00,콩앤팥내과의원,0,5,858,경남,김해시,055-313-0808,의원
중앙로 122-1 (하망동) 1층 맑은이비인후과,2025-02-05 00:00:00,맑은이비인후과의원,0,3,859,경북,영주시,054-631-3457,의원
"마산회원구 3.15대로 686 9층,10층",2024-12-23 00:00:00,화이트e치과,0,7,860,경남,창원시,055-255-2000,의원
마산회원구 내서읍 삼계4길 34 3층,2024-12-23 00:00:00,새삼성내과의원,0,9,861,경남,창원시,055-231-5502,의원
"센트럴로 232 (송도동, 더샵센트럴파크1) E동 2층",2025-02-05 00:00:00,삼성드림이비인후과의원,2,5,862,인천,연수구,032-224-0365,의원
영광읍 신남로 260,2024-12-27 00:00:00,김판수이비인후과의원,0,1,863,전남,영광군,061-353-9331,의원
나주로 185,2024-12-27 00:00:00,한용재활의학과의원,0,8,864,전남,나주시,061-335-7575,의원
"고산자로 253, 2층",2025-03-27 00:00:00,박플란트치과의원,0,1,865,서울,성동구,02-2296-8228,의원
동해대로 4084,2025-03-27 00:00:00,속초정요양병원,129,3,866,강원,속초시,033-637-0757,요양병원
"중앙로 105, 2~3층",2025-03-27 00:00:00,홍앤권이비인후과의원,5,1,867,강원,원주시,033-735-7707,의원
"춘천로 68, 3~4층",2025-03-27 00:00:00,강남내과의원,0,1,868,강원,춘천시,033-242-8885,의원
"마장면 오천로 49, 4층",2025-03-27 00:00:00,서울삼성내과의원,0,2,869,경기,이천시,031-8011-3875,의원
"후곡로 3, 2~3층",2025-03-27 00:00:00,연세송내과,0,1,870,경기,파주시,031-8035-6119,의원
"지행로 60, 6층",2025-03-27 00:00:00,김이비인후과,0,3,871,경기,동두천시,031-867-7575,의원
"고읍남로 18, 3~7층",2025-03-27 00:00:00,아산재건정형외과,19,3,872,경기,양주시,1899-7584,의원
"동일로 1005, 5~6층",2025-03-27 00:00:00,태릉정원내과의원,0,5,873,서울,노원구,02-979-0333,의원
"화랑로 91, 2~3층",2025-03-27 00:00:00,월곡순정형외과의원,16,1,874,서울,성북구,02-909-6002,의원
장한로 152,2025-03-27 00:00:00,햇살요양병원,208,6,875,서울,동대문구,02-2244-5533,요양병원
"흑석로 110, 1~2층",2025-03-27 00:00:00,흑석메트로정형외과의원,0,3,876,서울,동작구,02-825-7582,의원
구좌읍 구좌로 40 2층,2025-01-15 00:00:00,세화정형외과의원,0,5,877,제주,제주시,064-782-2473,의원
중앙로 61 (이도일동) 2층 센트럴치과의원,2025-01-15 00:00:00,센트럴치과의원,0,9,878,제주,제주시,064-757-5244,의원
청량읍 삼정로 90,2025-03-27 00:00:00,하나가정의학과의원,0,9,879,울산,울주군,052-225-7582,의원
"삼산로 266, 2,3층",2025-01-21 00:00:00,굿모닝빛안과의원,4,1,880,울산,남구,052-707-2500,의원
"경원대로 1366, 9호",2025-10-14 00:00:00,글로벌비전안과의원,0,1,881,인천,부평구,032-263-2020,의원
평화로 1479번길 45,2025-10-14 00:00:00,경기웰니스요양병원,299,6,882,경기,양주시,031-828-8500,요양병원
"일산동구 정발산로 38, 208호",2025-01-23 00:00:00,정발산튼튼척의원,0,4,883,경기,고양시,031-902-4758,의원
완산구 용머리로 77,2025-01-23 00:00:00,효사랑가족요양병원,806,7,884,전북,전주시,063-711-1111,요양병원
당진중앙2로 113,2025-01-24 00:00:00,당진효자정형외과의원,0,1,885,충남,당진시,041-430-8279,의원
강구면 동해대로 4465,2025-02-05 00:00:00,신세계의원,0,5,886,경북,영덕군,054-733-1075,의원
"증평읍 중앙로 218, 5층",2025-02-07 00:00:00,연세이비인후과의원,0,3,887,충북,증평군,043-836-8333,의원
내이2길 28,2025-02-12 00:00:00,김내과의원,0,2,888,경남,밀양시,055-353-5354,의원
"한강대로 69, 3층",2025-02-25 00:00:00,맨스톤비뇨의학과의원,0,3,889,서울,용산구,02-6949-5225,의원
"충무로 3, 2층",2025-02-25 00:00:00,충무로정형외과의원,0,3,890,서울,중구,02-2272-8885,의원
조종면 현창로 39,2025-10-13 00:00:00,김외과의원,0,7,891,경기,가평군,031-585-2200,의원
올림픽로 684,2025-04-03 00:00:00,서울현대요양병원,299,5,892,서울,강동구,02-484-7588,요양병원
"금호산길 63, 4~5층",2025-04-03 00:00:00,금호바른정형외과의원,0,1,893,서울,성동구,02-2135-7277,의원
"왕십리로 333, 2층",2025-04-03 00:00:00,서울으뜸내과의원,0,5,894,서울,성동구,02-2297-7077,의원
"지제동삭2로 181-26, 4~5층",2025-10-13 00:00:00,클리어안과의원,8,1,895,경기,평택시,031-647-6247,의원
"상록구 용신로 390, 5층",2025-10-13 00:00:00,상록탑정형외과의원,0,4,896,경기,안산시,031-8032-9030,의원
남원로 631,2025-05-30 00:00:00,연세요양병원,166,4,897,강원,원주시,033-765-5001,요양병원
"경춘로 2348, b1, 1층",2025-05-30 00:00:00,조도연정형외과의원,0,1,898,강원,춘천시,033-252-2800,의원
옥천읍 삼금로 5,2025-06-27 00:00:00,옥천김안과의원,0,1,899,충북,옥천군,043-731-7562,의원
무주읍 한풍루로 351,2025-06-27 00:00:00,무주안과의원,0,1,900,전북,무주군,063-322-6556,의원
서낭당길 16,2025-06-27 00:00:00,김제속편한내과의원,0,5,901,전북,김제시,063-545-3769,의원
진천읍 중앙동7길 1,2025-07-09 00:00:00,서울치과의원,0,11,902,충북,진천군,043-532-1230,의원
"만덕대로5, (덕천동)",2025-07-15 00:00:00,수정안과의원,43,2,903,부산,북구,051-331-7576,의원
희망로 159,2025-07-22 00:00:00,경북연합외과의원,0,4,904,대구,수성구,053-962-6991,의원
월배로 470,2025-07-22 00:00:00,베스트안과의원,0,1,905,대구,남구,053-622-0300,의원
동수4길 62,2025-08-01 00:00:00,유앤탑플란트치과의원,0,1,906,경북,상주시,054-532-3801,의원
"거창읍 거창대로 55, 성은빌딩 1~5층",2025-08-14 00:00:00,성은효요양병원,122,12,907,경남,거창군,055-945-2228,요양병원
거창읍 중앙로 157,2025-07-22 00:00:00,영대가정의학과의원,0,7,908,경남,거창군,055-945-0055,의원
거제면 거제남서로 3554,2025-07-22 00:00:00,굿뉴스요양병원,75,9,909,경남,거제시,055-634-0675,요양병원
"해운대로 369, 9층(우동, 해운대센텀메디칼센터)",2025-07-22 00:00:00,센텀오딧세이치과의원,0,9,910,부산,해운대구,051-743-2080,의원
"창녕읍 교리1길 4, 1층",2025-07-22 00:00:00,수비뇨기과의원,0,2,911,경남,창녕군,055-533-5599,의원
"서전로5, (부전동)",2025-07-22 00:00:00,이루미치과의원,1,9,912,부산,진구,051-816-8980,의원
원화로 293,2025-08-04 00:00:00,경주성모안과의원,5,8,913,경북,경주시,0507-1478-9932,의원
유니버시아드로 365,2025-10-14 00:00:00,대구광역시시지노인전문병원,244,5,914,대구,수성구,053-819-1212,요양병원
광양읍 덕산4길 35-4,2025-08-04 00:00:00,수요양병원,297,5,915,전남,광양시,061-914-1001,요양병원
소호로 658,2025-08-04 00:00:00,문치과의원,0,1,916,전남,여수시,061-681-2080,의원
곡성읍 중앙로 102,2025-08-04 00:00:00,보배치과의원,0,1,917,전남,곡성군,061-362-6011,의원
인월면 인월북2길 19,2025-08-04 00:00:00,서울가정의학과의원,0,6,918,전북,남원시,061-636-9919,의원
"통일로 855-8, 7층",2025-08-12 00:00:00,서울바른훈치과의원,0,4,919,서울,은평구,02-352-2828,의원
"마린시티3로 1, 320호(우동, 선프라자)",2025-09-30 00:00:00,(의)열린의료재단해운대열린의원,0,1,920,부산,해운대구,051-731-0626,의원
"부곡로 120-1(부곡동, 명성빌딩4층)",2025-09-30 00:00:00,씨에프정훈비뇨기과의원,0,2,921,부산,금정구,051-513-7576,의원
예산로 200,2025-08-28 00:00:00,삼성튼튼마취통증의학과의원,0,4,922,충남,예산군,041-331-1100,의원
예천읍 군청앞길 16,2025-08-29 00:00:00,예천정형외과의원,0,8,923,경북,예천군,054-655-7585,의원
동성로1길 81,2025-10-14 00:00:00,후이비인후과의원,0,2,924,대구,중구,053-424-8815,의원
경북대로 379,2025-09-16 00:00:00,서울프라임치과의원,0,1,925,경북,안동시,054-859-2879,의원
부여읍 중앙로 8,2025-09-16 00:00:00,서울오치과의원,0,11,926,충남,부여군,041-835-2875,의원
남대천로 58,2025-09-16 00:00:00,하나플란트치과의원,0,7,927,충남,보령시,041-415-2874,의원
벌교읍 홍암로 10-1,2025-09-23 00:00:00,굿플랜치과의원,0,1,928,전남,보성군,061-857-6004,의원
삼향읍 남악3로 79,2025-09-23 00:00:00,남악치과의원,0,1,929,전남,무안군,061-287-2804,의원
완산구 용머리로 203,2025-09-23 00:00:00,융구강악안면외과치과의원,0,1,930,전북,전주시,063-282-7528,의원
맹동면 원중로 1428,2025-09-23 00:00:00,더퍼스트치과의원 음성점,0,10,931,충북,음성군,043-883-2080,의원
"새싹로22-1, 2,3층(부전동)",2025-09-30 00:00:00,도담외과의원,2,1,932,부산,진구,051-711-6119,의원
"구영로 100 (구영리,구영프라자) 302호",2025-09-30 00:00:00,성모이비인후과의원,2,3,933,울산,울주군,052-248-7585,의원
고창읍 고인돌대로 1765,2025-10-27 00:00:00,고창노인요양병원,199,6,934,전북,고창군,063-560-6100,의원
중앙로 56,2025-10-27 00:00:00,서울보다치과의원,0,1,935,전북,정읍시,063-700-7582,의원
안심뉴타운2로 77,2025-10-17 00:00:00,안심리더스요양병원,243,3,936,대구,동구,053-980-9800,요양병원
무학송로 143,2025-10-21 00:00:00,금정나라요양병원,270,6,937,부산,금정구,051-513-1284,요양병원
동매로 44번길 4(하단동),2025-10-21 00:00:00,부산노인전문제4병원,210,8,938,부산,사하구,051-202-1370,요양병원
"통일로 855-8, 5층",2025-10-27 00:00:00,네이처비뇨의학과의원(은평),0,1,939,서울,은평구,02-357-1500,의원
양천로 715,2025-10-27 00:00:00,더서밋요양병원,328,7,940,서울,강서구,02-3663-6786,요양병원
"토정로 195, 3~4층",2025-10-27 00:00:00,서강박치과의원,0,1,941,서울,마포구,02-718-6642,의원
"울림픽로 114, 7층",2025-10-27 00:00:00,삼성안과의원,2,2,942,서울,송파구,02-424-7523,의원
"은평로 170, 6~8층",2025-10-27 00:00:00,한국효요양병원,247,6,943,서울,은평구,02-357-0357,요양병원
"천호대로 1006, 1층",2025-10-27 00:00:00,천호이지함피부과의원,0,1,944,서울,강동구,02-485-9700,의원
"신공덕동15, 제일빌딩 2층 205호",2025-10-27 00:00:00,코넬비뇨기과의원,1,2,945,서울,마포구,02-718-7575,의원
"중앙로 251, 2층",2025-10-27 00:00:00,강승훈치과의원,0,2,946,서울,양천구,02-2608-9396,의원
"부곡중앙남 3길 2, 3층",2025-10-27 00:00:00,눈사랑안과의원,0,1,947,경기,의왕시,031-462-1717,의원
"장안구 경수대로 920, 4층",2025-10-27 00:00:00,더채움치과의원,0,1,948,경기,수원시,031-305-7528,의원
"성호대로 129, 6층",2025-10-27 00:00:00,공룡치과의원,16,5,949,경기,오산시,031-377-2879,의원
삼성로 8번길 4-20,2025-10-27 00:00:00,미라클요양병원,134,3,950,경기,군포시,031-393-5566,요양병원
영통구 매영로 229번길,2025-10-27 00:00:00,수원요양병원,540,8,951,경기,수원시,031-640-9900,요양병원
"광주대로 55번길 21, DH타워 10,14,15층",2025-10-27 00:00:00,더와이즈헬스케어의원,8,3,952,경기,광주시,1588-3327,의원
여흥로 109번길 15. 4층,2025-10-27 00:00:00,서울이비인후과의원,0,3,953,경기,여주시,031-885-7600,의원
"마사강변동로 95, 3층 3032호",2025-10-27 00:00:00,퍼스트치과의원,0,1,954,경기,하남시,031-8027-2515,의원
"미사강변동로 73, 508~512호",2025-10-27 00:00:00,미사연세이비인후과의원,1,1,955,경기,하남시,031-794-2460,의원
중앙로 218,2025-10-27 00:00:00,동해요양병원,215,7,956,강원,동해시,033-531-2500,요양병원
동부로 150,2025-10-29 00:00:00,대전동부요양병원,242,5,957,대전,동구,070-4675-3714,요양병원
대종로 437,2025-10-29 00:00:00,백세요양병원,196,8,958,대전,동구,042-226-0101,요양병원
남부로 138,2025-10-29 00:00:00,아인요양병원,199,5,959,충남,당진시,041-351-5000,요양병원
북문대로 18,2025-11-13 00:00:00,천사요양병원,298,5,960,광주,북구,062-522-5004,요양병원
동문대로 115,2025-11-13 00:00:00,고운빛안과의원,0,1,961,광주,북구,062-268-8883,의원
빛고을대로 466,2025-11-13 00:00:00,탑팀재활의학과의원,0,6,962,광주,북구,062-974-9191,의원
첨단중앙로170번길 54,2025-11-13 00:00:00,장정환외과의원,0,1,963,광주,광산구,062-971-5570,의원
강진읍 영랑로2길 17,2025-11-13 00:00:00,강진치과의원,0,1,964,전남,강진군,061-432-9277,의원
영광읍 신남로 178,2025-11-13 00:00:00,조광섭치과의원,0,1,965,전남,영광군,061-353-2888,의원
금천면 영산로 5891-9,2025-11-13 00:00:00,나주효사랑요양병원,784,7,966,전남,나주시,061-330-1700,요양병원
압해읍 구항길 92-50,2025-11-13 00:00:00,신안군공립요양병원,76,2,967,전남,신안군,061-260-2700,요양병원
"열우물로 235, 2~5층",2025-11-13 00:00:00,청담요양병원,296,3,968,인천,서구,032-546-8255,요양병원
고포읍 장차로 5번길 5-17,2025-11-13 00:00:00,김포서울대효요양병원,217,4,969,경기,김포시,031-988-8275,요양병원
"시루봉로 310, 화성빌딩",2025-11-14 00:00:00,팔팔요양병원,233,5,970,서울,도봉구,02-3492-0888,요양병원
"사하로 200, 6층",2025-11-19 00:00:00,탑정형외과의원,1,5,971,부산,사하구,051-987-0123,의원
신재로 24번길 91,2025-11-19 00:00:00,청하요양병원,299,7,972,경북,영주시,054-630-9900,요양병원
돋질로 146(달동),2025-11-19 00:00:00,달동길메리요양병원,195,11,973,울산,남구,052-996-0030,요양병원
동남구 삼룡천 3길10(구성동),2026-01-16 00:00:00,천안요양병원,238,6,974,충남,천안시,041-569-5533,요양병원
웅진로 209(산성동),2026-01-16 00:00:00,우리안과의원,0,1,975,충남,공주시,041-855-9797,의원
"한누리대로 265, 명동프라자 603-607호(나성동)",2026-02-09 00:00:00,서울봄빛안과의원,0,1,976,세종,세종시,044-865-1400,의원
동남구 중앙로 92(원성동),2026-01-16 00:00:00,천안김안과천안역본점의원,8,3,977,충남,천안시,070-5147-1615,의원
"서북구 불당33길 34, 2층 (불당동)",2026-01-16 00:00:00,천안리더스신경외과의원,0,4,978,충남,천안시,041-551-7582,의원
덕양구 토당로 67번길 2 (토당동),2025-12-04 00:00:00,새찬요양병원,199,4,979,경기,고양시,031-979-2119,요양병원
"양평읍 양근로 188, 3~5층",2025-12-04 00:00:00,양평루트치과의원,0,1,980,경기,양평군,031-775-2875,의원
"중앙로 86, 4층 (중앙동, 세븐스타빌딩)",2025-12-04 00:00:00,연세민내과의원,7,5,981,강원,원주시,033-733-7582,의원
"봉화로 31, 2층 (단계동)",2025-12-04 00:00:00,원주치과의원,0,2,982,강원,원주시,033-734-2875,의원
"양양읍 양양로 15, 2층",2025-12-04 00:00:00,서울원치과의원,0,1,983,강원,양양군,033-850-8228,의원
"중앙로 229, 2층 (천곡동)",2025-12-04 00:00:00,이연수내과의원,0,6,984,강원,동해시,033-532-4600,의원
"청운1길 51, 2층 (쇄운동)",2025-12-04 00:00:00,이이비인후과의원,0,2,985,강원,동해시,033-535-1616,의원
"논고개로 87, 401~407호 (논현동, 논현메디스타워)",2025-12-04 00:00:00,논현새로운내과의원,0,5,986,인천,남동구,032-424-3334,의원
"경인로 594, 2~4층 (간석동)",2025-12-04 00:00:00,삼성성심의원,0,7,987,인천,남동구,032-424-1007,의원
"이음1로 377, 5층 (원당동, 검단 눈담봄 101)",2025-12-04 00:00:00,인천퍼스트안과,2,1,988,인천,서구,032-562-3888,의원
"장제로 808, 201호 (계산동)",2025-12-04 00:00:00,일등치과의원,0,1,989,인천,계양구,032-555-2822,의원
"석정로 391, 3층 (주안동)",2025-12-04 00:00:00,주안속튼튼내과의원,0,3,990,인천,미추홀구,032-710-0877,의원
"통일로 135, 충정빌딩 2층 1호 (냉천동)",2025-12-08 00:00:00,경희궁삼성마취통증의학과의원,0,4,991,서울,서대문구,02-6351-7979,의원
"목동로 203, 4층 401호 (신정동)",2025-12-08 00:00:00,목동서울청내과의원,0,1,992,서울,양천구,02-2607-2607,의원
"시흥대로 576, 4층 (신림동)",2025-12-08 00:00:00,데오플란트치과의원,0,2,993,서울,관악구,02-3281-7528,의원
"서초대로 2, 이수파이브 5층 (방배동)",2025-12-08 00:00:00,메가비뇨의학과의원(이수),0,1,994,서울,서초구,02-525-7979,의원
"호암로 605, 1~3층 (신림동)",2025-12-18 00:00:00,백세튼튼정형외과의원,0,5,995,서울,관악구,02-876-7575,의원
"선릉로90길 10,  제BB 202호 (대치동)",2025-12-08 00:00:00,서울나무치과의원,0,1,996,서울,강남구,02-2274-1175,의원
방배천로2길 22 (방배동),2025-12-08 00:00:00,서초프라임요양병원,224,8,997,서울,서초구,02-588-7575,요양병원
"동일로 1363, 4층 (상계동, 명지프라자빌딩)",2025-12-08 00:00:00,달라스치과의원,0,2,998,서울,노원구,02-931-5165,의원
"지봉로 29, 401호 (창신동)",2025-12-08 00:00:00,사과나무치과의원,0,2,999,서울,종로구,02-762-4080,의원
"마들로13길 61, 5층 501-1,501-6~8호 (창동)",2025-12-08 00:00:00,아프로치과의원,0,3,1000,서울,도봉구,02-6431-2875,의원
호법면 덕평로 224,2025-12-08 00:00:00,양지요양병원,169,6,1001,경기,이천시,031-637-8844,요양병원
"이섭대천로 1212, 2층 (창전동, 서울메디칼빌딩)",2025-12-08 00:00:00,조안과의원,0,1,1002,경기,이천시,031-633-8554,의원
감곡면 장감로 125번길6,2025-12-11 00:00:00,새한정형외과의원,26,2,1003,충북,음성군,043-882-4555,의원
문화로 194,2025-12-19 00:00:00,최선정형외과의원,29,4,1004,전남,나주시,061-335-2300,의원
북구 새천년대로 713,2025-12-19 00:00:00,다솜의원,0,11,1005,경북,포항시,054-232-7855,의원
구미대로 409,2025-12-19 00:00:00,강민연합치과의원,0,1,1006,경북,구미시,054-463-2828,의원
용두천로 333,2025-12-19 00:00:00,솔트의료재단 예성요양병원,120,3,1007,충북,제천시,043-653-7700,요양병원
"서창로 170-1, 2층 202호(삼호동, 메디칼센터)",2025-12-24 00:00:00,이재호내과의원,0,4,1008,경남,양산시,055-364-8807,의원
"원미구 길주로 235, 6층(중동)",2026-02-06 00:00:00,허균흉부외과의원,6,1,1009,경기,부천시,032-323-2119,의원
"인제로 163, 3층",2026-01-16 00:00:00,동김해내과의원,0,4,1010,경남,김해시,055-336-2920,의원
"중앙로 337, 2층",2026-02-09 00:00:00,연세제일안과의원,0,1,1011,제주,제주시,064-727-2700,의원
진해구 충장로 128,2026-01-16 00:00:00,밝은힐링안과의원,2,1,1012,경남,창원시,055-545-9100,의원
"영덕읍 덕곡길, 2층",2026-02-06 00:00:00,송치과의원,0,1,1013,경북,영덕군,054-733-2875,의원
달구벌대로 1814,2026-02-06 00:00:00,경일신경과내과의원,3,5,1014,대구,달서구,053-652-2525,의원
봉계1길 56(칠금동),2026-02-06 00:00:00,다솜연합치과의원,0,1,1015,충북,충주시,043-848-7528,의원
"통복시장2로 39번길 17, 1층",2026-02-09 00:00:00,더청담마취통증의학과의원,0,6,1016,경기,평택시,031-656-1470,의원
"권선구 금호로 226, 3층",2026-02-09 00:00:00,아산탑내과의원,0,2,1017,경기,수원시,031-294-5400,의원
"만안구 안양로 307, 7층 8층",2026-02-09 00:00:00,밝음나눔안과의원(안양),2,1,1018,경기,안양시,031-360-7542,의원
"봉은사로 107, 2층",2026-02-09 00:00:00,스탠탑비뇨의학과의원,6,2,1019,서울,강남구,1522-7589,의원
금강로72,2026-02-09 00:00:00,연세조안과의원,0,1,1020,강원,춘천시,033-243-0309,의원
춘천로 527-34,2026-02-09 00:00:00,춘천요양병원,299,6,1021,강원,춘천시,033-260-7114,요양병원
